A2YPUI4FA4QXOZ,£4.67,VITIS Orthodontic Wax 2's,Vitis,https://www.amazon.co.uk/VITIS-3600-Orthodontic-Wax-2s/dp/B00KQFZ2YI/ref=sr_1_7?dchild=1&m=A2YPUI4FA4QXOZ&qid=1586624931&s=merchant-items&sr=1-7,11/04/20 17:09,4.5 out of 5 stars,"8,978 in Health & Personal Care ",#37 Waxing Strips #975 Dental Care,85  customer ratings,B00KQFZ2YI,https://images-na.ssl-images-amazon.com/images/I/41nonxBAKeL._AC_SY355_.jpg
A2YPUI4FA4QXOZ,£3.89,TePe Interdental Brushes Green Original (0.8mm) / Simple and effective cleaning of interdental spaces / 1 x 8 brushes,TEPE,https://www.amazon.co.uk/TePe-Green-Original-Interdental-Brush/dp/B015D4MVWM/ref=sr_1_6?dchild=1&m=A2YPUI4FA4QXOZ&qid=1586624931&s=merchant-items&sr=1-6,11/04/20 17:09,4.5 out of 5 stars,"2,965 in Health & Personal Care ",#36 Interdental Brushes,98  customer ratings,B015D4MVWM,https://images-na.ssl-images-amazon.com/images/I/71ArPpGftFL._AC_SX466_.jpg
A2YPUI4FA4QXOZ,£6.85,TePe Interdental Brushes 1.1mm Purple - 2 Packets of 8 (16 Brushes),TEPE,https://www.amazon.co.uk/TePe-Interdental-Brushes-1-1mm-Purple/dp/B002RVU302/ref=sr_1_5?dchild=1&m=A2YPUI4FA4QXOZ&qid=1586624931&s=merchant-items&sr=1-5,11/04/20 17:09,4.7 out of 5 stars,"4,663 in Health & Personal Care ",#22 Wire Brushes #97 Interdental Cleaning,293  customer ratings,B002RVU302,https://images-na.ssl-images-amazon.com/images/I/71JsZcrxEuL._AC_SX569_.jpg
A2YPUI4FA4QXOZ,£7.65,2 Pack x Tepe Easy Pick Interdental Brushes Orange Size XS/S Pack of 36,TEPE,https://www.amazon.co.uk/Pack-Tepe-Interdental-Brushes-Orange/dp/B0176DDV2W/ref=sr_1_4?dchild=1&m=A2YPUI4FA4QXOZ&qid=1586624931&s=merchant-items&sr=1-4,11/04/20 17:09,4.6 out of 5 stars,"2,323 in Health & Personal Care ",#29 Interdental Brushes,279  customer ratings,B0176DDV2W,https://images-na.ssl-images-amazon.com/images/I/41JiS7B2eRL._AC_SY355_.jpg
A2YPUI4FA4QXOZ,£3.99,Tepe Angled 0.5mm Red Interdental Brushes - Pack of 6,TEPE PRODOTTI IG.ORALE Srl,https://www.amazon.co.uk/Tepe-Angled-0-5mm-Interdental-Brushes/dp/B00UYYX8GA/ref=sr_1_3?dchild=1&m=A2YPUI4FA4QXOZ&qid=1586624931&s=merchant-items&sr=1-3,11/04/20 17:09,4.6 out of 5 stars,"2,459 in Health & Personal Care ",#31 Interdental Brushes,420  customer ratings,B00UYYX8GA,https://images-na.ssl-images-amazon.com/images/I/810OjPcmjmL._AC_SY606_.jpg
A2YPUI4FA4QXOZ,£14.75,"TePe Interdental Brushes Oral Dental Floss Toothbrush - Different Colours & Sizes (5 x Pack (40 Brushes), 0.45mm Orange)",TEPE,https://www.amazon.co.uk/TePe-Interdental-Brushes-Dental-Toothbrush/dp/B00NIF7G5G/ref=sr_1_17?dchild=1&m=A2YPUI4FA4QXOZ&qid=1586624936&s=merchant-items&sr=1-17,11/04/20 17:09,4.6 out of 5 stars,"37,416 in Health & Personal Care ",#328 Interdental Brushes,458  customer ratings,B00NIF7G5G,https://images-na.ssl-images-amazon.com/images/I/71gDgn4PaML._AC_SX466_.jpg
A2YPUI4FA4QXOZ,£4.25,Tepe Interdental Brush Soft Purple 8 Pack [Personal Care],TEPE,https://www.amazon.co.uk/Tepe-Interdental-Brush-Purple-Personal/dp/B004QSH00K/ref=sr_1_32?dchild=1&m=A2YPUI4FA4QXOZ&qid=1586624936&s=merchant-items&sr=1-32,11/04/20 17:09,4.4 out of 5 stars,"66,070 in Health & Personal Care ",#480 Interdental Brushes,28  customer ratings,B004QSH00K,https://images-na.ssl-images-amazon.com/images/I/71Mjt60M2%2BL._AC_SX466_.jpg
A2YPUI4FA4QXOZ,£2.39,TePe Select Compact Brush - Medium,TePe,https://www.amazon.co.uk/TePe-Select-Compact-Brush-Medium/dp/B0050I6UOC/ref=sr_1_31?dchild=1&m=A2YPUI4FA4QXOZ&qid=1586624936&s=merchant-items&sr=1-31,11/04/20 17:09,5.0 out of 5 stars,"36,622 in Health & Personal Care ",#301 Manual Toothbrushes,6  customer ratings,B0050I6UOC,https://images-na.ssl-images-amazon.com/images/I/31PKKRkkKeL._AC_.jpg
A2YPUI4FA4QXOZ,£2.38,"Tepe Oral Health Care - Compact Tuft, Brush by TePe Oral Health Care",TEPE,https://www.amazon.co.uk/Tepe-Oral-Health-Care-Compact/dp/B01HQV7TAE/ref=sr_1_30?dchild=1&m=A2YPUI4FA4QXOZ&qid=1586624936&s=merchant-items&sr=1-30,11/04/20 17:09,4.3 out of 5 stars,"68,495 in Health & Personal Care ",#553 Manual Toothbrushes #3304 Medication #502 Interdental Brushes,4  customer ratings,B01HQV7TAE,https://images-na.ssl-images-amazon.com/images/I/21%2BbGSpByGL._AC_.jpg
A2YPUI4FA4QXOZ,£3.99,TePe Angle - Interdental Brush - Red - 0.02 - Size 2 + Grip + 0.68fl oz Merido Sample by TePe,TEPE,https://www.amazon.co.uk/TePe-Angle-Interdental-0-68fl-Merido/dp/B01HND00XI/ref=sr_1_29?dchild=1&m=A2YPUI4FA4QXOZ&qid=1586624936&s=merchant-items&sr=1-29,11/04/20 17:09,5.0 out of 5 stars,"35,027 in Health & Personal Care ",#308 Interdental Brushes,15  customer ratings,B01HND00XI,https://images-na.ssl-images-amazon.com/images/I/61%2BmdwXjtjL._AC_SX425_.jpg
A2YPUI4FA4QXOZ,£4.20,Aquafresh Little Teeth Toothpaste 4-6yrs 1,Aquafresh,https://www.amazon.co.uk/Aquafresh-Little-Teeth-Toothpaste-4-6yrs/dp/B001PMQ2YA/ref=sr_1_28?dchild=1&m=A2YPUI4FA4QXOZ&qid=1586624936&s=merchant-items&sr=1-28,11/04/20 17:09,"60,922 in Health & Personal Care ",#994 Toothpastes #410 Antiseptics & Disinfectants,Be the first to write a review,B001PMQ2YA,https://images-na.ssl-images-amazon.com/images/I/31%2B4ZGTNFML._AC_SY355_.jpg,
A2YPUI4FA4QXOZ,£3.99,Piksters 0.55 mm Size 2 White Interdental Brush - Pack of 10 by PIKSTERS,Piksters,https://www.amazon.co.uk/Piksters-0-55-White-Interdental-Brush/dp/B01HNCZ65G/ref=sr_1_27?dchild=1&m=A2YPUI4FA4QXOZ&qid=1586624936&s=merchant-items&sr=1-27,11/04/20 17:09,4.6 out of 5 stars,"26,455 in Health & Personal Care ",#234 Interdental Brushes,4  customer ratings,B01HNCZ65G,https://images-na.ssl-images-amazon.com/images/I/71SZANXhX-L._AC_SX466_.jpg
A2YPUI4FA4QXOZ,£2.52,TePe Compact Soft Toothbrush,TEPE,https://www.amazon.co.uk/TEPE-TePe-Compact-Soft-Toothbrush/dp/B0085AOX2I/ref=sr_1_26?dchild=1&m=A2YPUI4FA4QXOZ&qid=1586624936&s=merchant-items&sr=1-26,11/04/20 17:09,4.2 out of 5 stars,"36,713 in Health & Personal Care ",#302 Manual Toothbrushes,34  customer ratings,B0085AOX2I,https://images-na.ssl-images-amazon.com/images/I/61u6ihmCzLL._AC_SY606_.jpg
A2YPUI4FA4QXOZ,£3.85,TePe Interdental Brush Red 0.5mm (6),TEPE,https://www.amazon.co.uk/TePe-Interdental-Brush-Red-0-5mm/dp/B00MY5U8PG/ref=sr_1_25?dchild=1&m=A2YPUI4FA4QXOZ&qid=1586624936&s=merchant-items&sr=1-25,11/04/20 17:09,4.8 out of 5 stars,"52,696 in Health & Personal Care ",#405 Interdental Brushes,4  customer ratings,B00MY5U8PG,https://images-na.ssl-images-amazon.com/images/I/61%2BVUziorYL._AC_SY450_.jpg
A2YPUI4FA4QXOZ,£4.16,TePe Compact Tuft Twin Pack [Personal Care],Compact Tuft,https://www.amazon.co.uk/TePe-Compact-Tuft-Twin-Personal/dp/B00ECYDMI2/ref=sr_1_24?dchild=1&m=A2YPUI4FA4QXOZ&qid=1586624936&s=merchant-items&sr=1-24,11/04/20 17:09,4.5 out of 5 stars,"20,735 in Health & Personal Care ",#158 Manual Toothbrushes,62  customer ratings,B00ECYDMI2,https://images-na.ssl-images-amazon.com/images/I/31Mq0HoqP2L._AC_.jpg
A2YPUI4FA4QXOZ,£15.85,"TePe 1.3 mm Size 7 Original Interdental Brush - Pack of 5, Total 40",TEPE,https://www.amazon.co.uk/TePe-Size-Original-Interdental-Brush/dp/B015PM54BW/ref=sr_1_23?dchild=1&m=A2YPUI4FA4QXOZ&qid=1586624936&s=merchant-items&sr=1-23,11/04/20 17:09,4.4 out of 5 stars,"48,933 in Health & Personal Care ",#390 Interdental Brushes,5  customer ratings,B015PM54BW,https://images-na.ssl-images-amazon.com/images/I/71cYbepbI1L._AC_SX466_.jpg
A2YPUI4FA4QXOZ,£4.28,VITIS Orthodontic Access Toothbrush,Vitis,https://www.amazon.co.uk/VITIS-Orthodontic-Access-Toothbrush/dp/B00O3HYJZS/ref=sr_1_22?dchild=1&m=A2YPUI4FA4QXOZ&qid=1586624936&s=merchant-items&sr=1-22,11/04/20 17:09,4.9 out of 5 stars,"20,917 in Health & Personal Care ",#161 Manual Toothbrushes,16  customer ratings,B00O3HYJZS,https://images-na.ssl-images-amazon.com/images/I/61MaPUQ0THL._AC_SX522_.jpg
A2YPUI4FA4QXOZ,£2.99,Aquafresh Milk Teeth Children's Toothbrush - 0-3 years 91668 Colour May Vary,Aquafresh,https://www.amazon.co.uk/Aquafresh-Milk-Teeth-Childrens-Toothbrush/dp/B0017KKKMK/ref=sr_1_21?dchild=1&m=A2YPUI4FA4QXOZ&qid=1586624936&s=merchant-items&sr=1-21,11/04/20 17:09,2.9 out of 5 stars,"33,866 in Health & Personal Care ",#272 Manual Toothbrushes,10  customer ratings,B0017KKKMK,https://images-na.ssl-images-amazon.com/images/I/31pDD2tTylL._AC_SX425_.jpg
A2YPUI4FA4QXOZ,£10.48,TePe Red Interdental Brush 0.5mm 6 Brushes X Pack of 3 [YOUR CARE],TEPE,https://www.amazon.co.uk/TePe-Interdental-Brush-0-5mm-Brushes/dp/B00GCA5E1W/ref=sr_1_20?dchild=1&m=A2YPUI4FA4QXOZ&qid=1586624936&s=merchant-items&sr=1-20,11/04/20 17:09,4.6 out of 5 stars,"12,418 in Health & Personal Care ",#116 Interdental Brushes,5  customer ratings,B00GCA5E1W,https://images-na.ssl-images-amazon.com/images/I/61x6dJvcAeL._AC_SX355_.jpg
A2YPUI4FA4QXOZ,£18.99,TePe Select Compact Toothbrush Medium pack of 12 (different colours),TEPE,https://www.amazon.co.uk/TePe-Compact-Toothbrush-different-colours/dp/B0744MNS7R/ref=sr_1_19?dchild=1&m=A2YPUI4FA4QXOZ&qid=1586624936&s=merchant-items&sr=1-19,11/04/20 17:09,4.2 out of 5 stars,"28,838 in Health & Personal Care ",#227 Manual Toothbrushes,10  customer ratings,B0744MNS7R,https://images-na.ssl-images-amazon.com/images/I/616WsTmak9L._AC_SX679_.jpg
A2YPUI4FA4QXOZ,£3.99,"TePe Angle Interdental Brushes Blue 0.02"" Size 3 + Handle + 0.68fl.oz Meridol Tester",TEPE,https://www.amazon.co.uk/TePe-Interdental-Brushes-0-68fl-oz-Meridol/dp/B004VLCXCM/ref=sr_1_18?dchild=1&m=A2YPUI4FA4QXOZ&qid=1586624936&s=merchant-items&sr=1-18,11/04/20 17:09,3.9 out of 5 stars,"30,025 in Health & Personal Care ",#270 Interdental Brushes,14  customer ratings,B004VLCXCM,https://images-na.ssl-images-amazon.com/images/I/615efOWKccL._AC_SX425_.jpg
A2YPUI4FA4QXOZ,£6.99,Curaprox 1.8mm Violet CPS18 Regular Interdental Brush,CURAPROX,https://www.amazon.co.uk/Curaprox-1-8mm-Violet-Regular-Interdental/dp/B004I9SDBM/ref=sr_1_33?dchild=1&m=A2YPUI4FA4QXOZ&qid=1586624966&s=merchant-items&sr=1-33,11/04/20 17:09,4.3 out of 5 stars,"13,546 in Business, Industry & Science ",#5 Dental Brushes,24  customer ratings,B004I9SDBM,https://images-na.ssl-images-amazon.com/images/I/51Rjd15iPsL._AC_SX679_.jpg
A2YPUI4FA4QXOZ,£2.38,TePe Select Compact Toothbrush - Extra Soft,TEPE,https://www.amazon.co.uk/TePe-Select-Compact-Toothbrush-Extra/dp/B0050I53VI/ref=sr_1_48?dchild=1&m=A2YPUI4FA4QXOZ&qid=1586624966&s=merchant-items&sr=1-48,11/04/20 17:10,3.8 out of 5 stars,"85,391 in Health & Personal Care ",#696 Manual Toothbrushes,11  customer ratings,B0050I53VI,https://images-na.ssl-images-amazon.com/images/I/51j927CI09L._AC_SY679_.jpg
A2YPUI4FA4QXOZ,£13.93,Lansinoh 120 Disposable Breast Pads Double Pack (2 boxes of 60),Lansinoh,https://www.amazon.co.uk/Lansinoh-Disposable-Breast-Double-boxes/dp/B002YHR9L0/ref=sr_1_47?dchild=1&m=A2YPUI4FA4QXOZ&qid=1586624966&s=merchant-items&sr=1-47,11/04/20 17:10,4.9 out of 5 stars,"30,997 in Baby Products ",#822 Breastfeeding (Baby Products),21  customer ratings,B002YHR9L0,https://images-na.ssl-images-amazon.com/images/I/81-OGgNjuUL._AC_SX569_.jpg
A2YPUI4FA4QXOZ,£2.27,TePe Select Medium Toothbrush,TEPE,https://www.amazon.co.uk/TEPE-TePe-Select-Medium/dp/B0085AOXUA/ref=sr_1_45?dchild=1&m=A2YPUI4FA4QXOZ&qid=1586624966&s=merchant-items&sr=1-45,11/04/20 17:10,4.1 out of 5 stars,"35,376 in Health & Personal Care ",#289 Manual Toothbrushes,21  customer ratings,B0085AOXUA,https://images-na.ssl-images-amazon.com/images/I/317NApiHVkL._AC_SY355_.jpg
A2YPUI4FA4QXOZ,£21.99,"SMART Childrens & adults with small mouths, Ultra soft toothbrush, 6 QUALITY brushes, better cleaning, softer feeling in sporty colours for boys / Him. Curaprox 7600 Ultra Soft SMART.",Curaprox,https://www.amazon.co.uk/Childrens-toothbrush-QUALITY-cleaning-Curaprox/dp/B00NRSXT28/ref=sr_1_44?dchild=1&m=A2YPUI4FA4QXOZ&qid=1586624966&s=merchant-items&sr=1-44,11/04/20 17:10,4.4 out of 5 stars,"28,341 in Health & Personal Care ",#219 Manual Toothbrushes,11  customer ratings,B00NRSXT28,https://images-na.ssl-images-amazon.com/images/I/61UIDAHeLmL._AC_SY355_.jpg
A2YPUI4FA4QXOZ,£5.99,TePe Interspace Brush Medium with 6 Heads (Colours May Vary),TEPE,https://www.amazon.co.uk/TePe-Interspace-Brush-Medium-Colours/dp/B005J52CS4/ref=sr_1_43?dchild=1&m=A2YPUI4FA4QXOZ&qid=1586624966&s=merchant-items&sr=1-43,11/04/20 17:10,3.9 out of 5 stars,"82,498 in Health & Personal Care ",#666 Manual Toothbrushes,8  customer ratings,B005J52CS4,https://images-na.ssl-images-amazon.com/images/I/215K%2BVqQivL._AC_.jpg
A2YPUI4FA4QXOZ,£6.47,Tepe Bridge and Implant Floss (30 Pieces),TEPE,https://www.amazon.co.uk/Tepe-Bridge-Implant-Floss-Pieces/dp/B00DM90A1A/ref=sr_1_42?dchild=1&m=A2YPUI4FA4QXOZ&qid=1586624966&s=merchant-items&sr=1-42,11/04/20 17:10,3.4 out of 5 stars,"75,593 in Health & Personal Care ",#220 Floss,12  customer ratings,B00DM90A1A,https://images-na.ssl-images-amazon.com/images/I/719xJs0GZQL._AC_SX466_.jpg
A2YPUI4FA4QXOZ,£7.42,TePe Interdental Brush Pink 0.4mm (6) - Pack of 2,Grocery,https://www.amazon.co.uk/TePe-Interdental-Brush-Pink-0-4mm/dp/B01HND0MLI/ref=sr_1_41?dchild=1&m=A2YPUI4FA4QXOZ&qid=1586624966&s=merchant-items&sr=1-41,11/04/20 17:10,"24,385 in Health & Personal Care ",#219 Interdental Brushes,Be the first to write a review,B01HND0MLI,https://images-na.ssl-images-amazon.com/images/I/61KvY4FyolL._AC_SX466_.jpg,
A2YPUI4FA4QXOZ,£24.99,Lansinoh Breastmilk Storage Bags (50 Pieces) (Pack of 3),Lansinoh,https://www.amazon.co.uk/Lansinoh-Breastmilk-Storage-Pieces-Personal/dp/B00G5MBCAO/ref=sr_1_39?dchild=1&m=A2YPUI4FA4QXOZ&qid=1586624966&s=merchant-items&sr=1-39,11/04/20 17:10,4.8 out of 5 stars,"25,493 in Baby Products ",#59 Breastmilk Containers,17  customer ratings,B00G5MBCAO,https://images-na.ssl-images-amazon.com/images/I/81kE8fHLKfL._AC_SX569_.jpg
A2YPUI4FA4QXOZ,£10.48,TePe Pink Interdental Brush 0.4mm 6 Brushes X Pack of 3 [YOUR CARE],TEPE,https://www.amazon.co.uk/TePe-Interdental-Brush-0-4mm-Brushes/dp/B00GC727RY/ref=sr_1_38?dchild=1&m=A2YPUI4FA4QXOZ&qid=1586624966&s=merchant-items&sr=1-38,11/04/20 17:10,4.4 out of 5 stars,"36,625 in Health & Personal Care ",#322 Interdental Brushes,3  customer ratings,B00GC727RY,https://images-na.ssl-images-amazon.com/images/I/61VnP45g7SL._AC_SX569_.jpg
A2YPUI4FA4QXOZ,£4.75,Braun Oral-B Power Tip Interdental Toothbrush Head,Oral-B,https://www.amazon.co.uk/Braun-Oral-B-Power-Interdental-Toothbrush/dp/B0016G8E5K/ref=sr_1_37?dchild=1&m=A2YPUI4FA4QXOZ&qid=1586624966&s=merchant-items&sr=1-37,11/04/20 17:10,4.2 out of 5 stars,"62,109 in Health & Personal Care ",#776 Power Toothbrushes & Accessories,258  customer ratings,B0016G8E5K,https://images-na.ssl-images-amazon.com/images/I/811l2lemsWL._AC_SY879_.jpg
A2YPUI4FA4QXOZ,£7.24,"Value TWIN pack, Tepe Angle interdental brushes, assorted pack. Includes colours pink, orange, red, blue, yellow, green. In sizes 0.4mm, 0.45mm, 0.5mm,0.6mm,0.7mm,0.8mm.",TEPE,https://www.amazon.co.uk/interdental-brushes-assorted-colours-orange/dp/B00JRA1X2I/ref=sr_1_35?dchild=1&m=A2YPUI4FA4QXOZ&qid=1586624966&s=merchant-items&sr=1-35,11/04/20 17:10,5.0 out of 5 stars,"65,406 in Health & Personal Care ",#477 Interdental Brushes,2  customer ratings,B00JRA1X2I,https://images-na.ssl-images-amazon.com/images/I/71m0TBl246L._AC_SX466_.jpg
A2YPUI4FA4QXOZ,£12.39,"6x Wisdom Clean Between Interdental Brushes - Pack of 20 – Size Fine, Medium & XL (2 Each)",WISDOM,https://www.amazon.co.uk/Wisdom-Clean-Between-Interdental-Brushes/dp/B00L38JU5O/ref=sr_1_34?dchild=1&m=A2YPUI4FA4QXOZ&qid=1586624966&s=merchant-items&sr=1-34,11/04/20 17:10,4.1 out of 5 stars,"69,459 in Health & Personal Care ",#508 Interdental Brushes,16  customer ratings,B00L38JU5O,https://images-na.ssl-images-amazon.com/images/I/618B%2B7yzKxL._AC_SX425_.jpg
A2YPUI4FA4QXOZ,£7.33,"Curaprox LS 632 Interdental 1,3 -3,2mm 8x",CURAPROX,https://www.amazon.co.uk/Curaprox-LS-632-Interdental-2mm/dp/B01HND1I84/ref=sr_1_49?dchild=1&m=A2YPUI4FA4QXOZ&qid=1586624999&s=merchant-items&sr=1-49,11/04/20 17:10,5.0 out of 5 stars,"89,893 in Health & Personal Care ",#593 Interdental Brushes,1 customer rating,B01HND1I84,https://images-na.ssl-images-amazon.com/images/I/61t%2BeCYOo1L._AC_SY355_.jpg
A2YPUI4FA4QXOZ,£7.50,CURAPROX INTERPROXIMAL BRUSH CPS24 ORANGE 1 PACK OF 5 BRUSHES,CURAPROX,https://www.amazon.co.uk/CURAPROX-INTERPROXIMAL-BRUSH-ORANGE-BRUSHES/dp/B004KD8EJC/ref=sr_1_64?dchild=1&m=A2YPUI4FA4QXOZ&qid=1586624999&s=merchant-items&sr=1-64,11/04/20 17:10,4.1 out of 5 stars,"124,272 in Health & Personal Care ",#734 Interdental Brushes,4  customer ratings,B004KD8EJC,https://images-na.ssl-images-amazon.com/images/I/61SqsOrAQ6L._AC_SY450_.jpg
A2YPUI4FA4QXOZ,£2.49,TePe Select Toothbrush - Extra Soft,TePe,https://www.amazon.co.uk/TePe-Select-Toothbrush-Extra-Soft/dp/B0050C0VPC/ref=sr_1_63?dchild=1&m=A2YPUI4FA4QXOZ&qid=1586624999&s=merchant-items&sr=1-63,11/04/20 17:10,4.5 out of 5 stars,"108,345 in Health & Personal Care ",#884 Manual Toothbrushes,10  customer ratings,B0050C0VPC,https://images-na.ssl-images-amazon.com/images/I/31OYL0--0WL._AC_.jpg
A2YPUI4FA4QXOZ,£10.99,"CuraProx Prime Interdental Brushes - 5 Brushes, Pink, 0.8mm - Pink",CURAPROX,https://www.amazon.co.uk/CuraProx-0-8mm-CPS08-Prime-Interdental/dp/B00487BK8W/ref=sr_1_62?dchild=1&m=A2YPUI4FA4QXOZ&qid=1586624999&s=merchant-items&sr=1-62,11/04/20 17:10,4.5 out of 5 stars,"88,398 in Health & Personal Care ",#588 Interdental Brushes,670  customer ratings,B00487BK8W,https://images-na.ssl-images-amazon.com/images/I/61nB-IzZYHL._AC_SX569_.jpg
A2YPUI4FA4QXOZ,£3.99,Brush-Baby Floss Toothbrush 3-6 years (Blue),Brush-Baby,https://www.amazon.co.uk/Brush-Baby-Floss-Toothbrush-years-Blue/dp/B007NVW62O/ref=sr_1_61?dchild=1&m=A2YPUI4FA4QXOZ&qid=1586624999&s=merchant-items&sr=1-61,11/04/20 17:10,"118,069 in Health & Personal Care ",#151 Children's Manual Toothbrushes,Be the first to write a review,B007NVW62O,https://images-na.ssl-images-amazon.com/images/I/517OX1MQbUL._AC_SY355_.jpg,
A2YPUI4FA4QXOZ,£4.20,Orthodontic Retainer Box (Set of 2),Retainer Box,https://www.amazon.co.uk/Orthodontic-Retainer-Box-Set-2/dp/B006T4EO8U/ref=sr_1_60?dchild=1&m=A2YPUI4FA4QXOZ&qid=1586624999&s=merchant-items&sr=1-60,11/04/20 17:10,4.1 out of 5 stars,"93,950 in Health & Personal Care ",#50 Denture Baths,474  customer ratings,B006T4EO8U,https://images-na.ssl-images-amazon.com/images/I/71Qj5Ak7nqL._AC_SX466_.jpg
A2YPUI4FA4QXOZ,£13.49,THREE PACKS of Dentibrush Interdental Brushes 30,Denti-brush,https://www.amazon.co.uk/THREE-PACKS-Dentibrush-Interdental-Brushes/dp/B008FRMOAE/ref=sr_1_58?dchild=1&m=A2YPUI4FA4QXOZ&qid=1586624999&s=merchant-items&sr=1-58,11/04/20 17:10,4.7 out of 5 stars,"102,797 in Health & Personal Care ",#650 Interdental Brushes,7  customer ratings,B008FRMOAE,https://images-na.ssl-images-amazon.com/images/I/31UOlcWTp1L._AC_.jpg
A2YPUI4FA4QXOZ,£12.65,UltraDEX Toothpaste 75ml with Fluoride - Pk of 2 (Formerly retarDEX),RetarDEX,https://www.amazon.co.uk/UltraDEX-Toothpaste-75ml-Fluoride-Formerly/dp/B005S0FS4U/ref=sr_1_57?dchild=1&m=A2YPUI4FA4QXOZ&qid=1586624999&s=merchant-items&sr=1-57,11/04/20 17:10,3.5 out of 5 stars,"24,726 in Health & Personal Care ",#458 Toothpastes,10  customer ratings,B005S0FS4U,https://images-na.ssl-images-amazon.com/images/I/51d8AvSJ5NL._AC_SY355_.jpg
A2YPUI4FA4QXOZ,£3.99,Interspace Dental Health,Survival32,https://www.amazon.co.uk/Interspace-Dental-Health/dp/B003JRUQ1E/ref=sr_1_56?dchild=1&m=A2YPUI4FA4QXOZ&qid=1586624999&s=merchant-items&sr=1-56,11/04/20 17:10,3.3 out of 5 stars,"101,230 in Health & Personal Care ",#646 Interdental Brushes,44  customer ratings,B003JRUQ1E,https://images-na.ssl-images-amazon.com/images/I/61bSDbyiNzL._AC_SY679_.jpg
A2YPUI4FA4QXOZ,£8.49,Curaprox Interdental Brushes LS631 Pack Of 8 Pcs.,CURAPROX,https://www.amazon.co.uk/Curaprox-Interdental-Brushes-LS631-Pack/dp/B01N08ZISI/ref=sr_1_55?dchild=1&m=A2YPUI4FA4QXOZ&qid=1586624999&s=merchant-items&sr=1-55,11/04/20 17:10,5.0 out of 5 stars,"97,266 in Health & Personal Care ",#627 Interdental Brushes,4  customer ratings,B01N08ZISI,https://images-na.ssl-images-amazon.com/images/I/611LDSA4LnL._AC_SX679_.jpg
A2YPUI4FA4QXOZ,£14.99,TePe Interdental Brushes GREEN 0.80 mm - 40 Brushes (5 Packs of 8) by Tepe,Tepe,https://www.amazon.co.uk/TePe-Interdental-Brushes-GREEN-0-80/dp/B018OS2JIK/ref=sr_1_54?dchild=1&m=A2YPUI4FA4QXOZ&qid=1586624999&s=merchant-items&sr=1-54,11/04/20 17:10,5.0 out of 5 stars,"26,286 in Health & Personal Care ",#232 Interdental Brushes,7  customer ratings,B018OS2JIK,https://images-na.ssl-images-amazon.com/images/I/71lnBTfrPVL._AC_SX425_.jpg
A2YPUI4FA4QXOZ,£6.71,Breastmilk Storage Bags For Mums,Lansinoh,https://www.amazon.co.uk/Breastmilk-Storage-Bags-For-Mums/dp/B0006JLIGA/ref=sr_1_53?dchild=1&m=A2YPUI4FA4QXOZ&qid=1586624999&s=merchant-items&sr=1-53,11/04/20 17:10,4.4 out of 5 stars,"16,169 in Baby Products ",#48 Breastmilk Containers,22  customer ratings,B0006JLIGA,https://images-na.ssl-images-amazon.com/images/I/41scP1AkmML._AC_SX450_.jpg
A2YPUI4FA4QXOZ,£9.99,TePe Pink 8's - Pk of 3,TEPE,https://www.amazon.co.uk/TePe-Pink-8s-Pk-3/dp/B07G28DSPK/ref=sr_1_50?dchild=1&m=A2YPUI4FA4QXOZ&qid=1586624999&s=merchant-items&sr=1-50,11/04/20 17:10,"92,578 in Health & Personal Care ",#606 Interdental Brushes,Be the first to write a review,B07G28DSPK,https://images-na.ssl-images-amazon.com/images/I/41A9BKw8MPL._AC_SY355_.jpg,
A2YPUI4FA4QXOZ,£3.66,GelX All Gel Toe Support Prop | Custom Shaped for Each Toe & Foot | Medium Left ( 2nd - 3rd / 3rd - 4th Toes ),Gelx,https://www.amazon.co.uk/GelX-Support-Custom-Shaped-Medium/dp/B00304YY9G/ref=sr_1_65?dchild=1&m=A2YPUI4FA4QXOZ&qid=1586625029&s=merchant-items&sr=1-65,11/04/20 17:11,3.2 out of 5 stars,"118,993 in Health & Personal Care ",#169 Toe Caps,31  customer ratings,B00304YY9G,https://images-na.ssl-images-amazon.com/images/I/41eBXzwXFrL._AC_SX425_.jpg
A2YPUI4FA4QXOZ,£5.99,Aquafresh Milk Teeth Toothbrush 0 - 2 years gum friendly Pack of 1,Aquafresh,https://www.amazon.co.uk/Aquafresh-Milk-Teeth-Toothbrush-friendly/dp/B0041HHSTO/ref=sr_1_80?dchild=1&m=A2YPUI4FA4QXOZ&qid=1586625029&s=merchant-items&sr=1-80,11/04/20 17:11,2.8 out of 5 stars,"201,175 in Health & Personal Care ",#312 Baby Toothbrushes,2  customer ratings,B0041HHSTO,https://images-na.ssl-images-amazon.com/images/I/717aR-BPSeL._AC_SY355_.jpg
A2YPUI4FA4QXOZ,£13.99,THREE PACKS OF Tepe 0.7 mm Interdent Yellow Brushes - Pack of 6,TEPE,https://www.amazon.co.uk/THREE-PACKS-Interdent-Yellow-Brushes/dp/B00DDQF9FE/ref=sr_1_79?dchild=1&m=A2YPUI4FA4QXOZ&qid=1586625029&s=merchant-items&sr=1-79,11/04/20 17:11,5.0 out of 5 stars,"191,440 in Health & Personal Care ",#939 Interdental Brushes,5  customer ratings,B00DDQF9FE,https://images-na.ssl-images-amazon.com/images/I/41bFTcEA2iL._AC_SX466_.jpg
A2YPUI4FA4QXOZ,£16.99,BrushBaby Babysonic ToothBrush with 2 Replacement Heads **PLUS Two Free**,Brush Baby,https://www.amazon.co.uk/BrushBaby-Babysonic-ToothBrush-Replacement-Heads/dp/B00RVTJRTI/ref=sr_1_78?dchild=1&m=A2YPUI4FA4QXOZ&qid=1586625029&s=merchant-items&sr=1-78,11/04/20 17:11,"175,303 in Health & Personal Care ",#14659 Dental Care,Be the first to write a review,B00RVTJRTI,https://images-na.ssl-images-amazon.com/images/I/81ueLvosG6L._AC_SX679_.jpg,
A2YPUI4FA4QXOZ,£3.52,Tepe Compact Soft Twin Pack Cello,TEPE,https://www.amazon.co.uk/Tepe-Compact-Soft-Twin-Cello/dp/B006VVZMA0/ref=sr_1_77?dchild=1&m=A2YPUI4FA4QXOZ&qid=1586625029&s=merchant-items&sr=1-77,11/04/20 17:11,5.0 out of 5 stars,"171,950 in Health & Personal Care ",#1441 Manual Toothbrushes,1 customer rating,B006VVZMA0,https://images-na.ssl-images-amazon.com/images/I/31xZSnkRPrL._AC_.jpg
A2YPUI4FA4QXOZ,£4.75,GUM 2030 Expanding Floss,Gum,https://www.amazon.co.uk/Gum-6515_6604-2030-Expanding-Floss/dp/B00KTDKOVI/ref=sr_1_76?dchild=1&m=A2YPUI4FA4QXOZ&qid=1586625029&s=merchant-items&sr=1-76,11/04/20 17:11,3.5 out of 5 stars,"190,826 in Health & Personal Care ",#442 Floss,5  customer ratings,B00KTDKOVI,https://images-na.ssl-images-amazon.com/images/I/61xlDlNGxTL._AC_SY450_.jpg
A2YPUI4FA4QXOZ,£8.90,Curaprox LS 632 Interdental Brush Extra Fine - Pack of 8 Toothbrush,CURAPROX,https://www.amazon.co.uk/Curaprox-Interdental-Brush-Extra-Fine/dp/B00EWT12U2/ref=sr_1_74?dchild=1&m=A2YPUI4FA4QXOZ&qid=1586625029&s=merchant-items&sr=1-74,11/04/20 17:11,4.6 out of 5 stars,"166,486 in Health & Personal Care ",#867 Interdental Brushes,4  customer ratings,B00EWT12U2,https://images-na.ssl-images-amazon.com/images/I/51bvp0SrTbL._AC_SX522_.jpg
A2YPUI4FA4QXOZ,£8.99,CURAPROX LS 631 Interdental BrushesExtra Fine (Pack of 8),CURAPROX,https://www.amazon.co.uk/CURAPROX-Interdental-BrushesExtra-Fine-Pack/dp/B00EWT12FW/ref=sr_1_73?dchild=1&m=A2YPUI4FA4QXOZ&qid=1586625029&s=merchant-items&sr=1-73,11/04/20 17:11,4.4 out of 5 stars,"164,114 in Health & Personal Care ",#858 Interdental Brushes,3  customer ratings,B00EWT12FW,https://images-na.ssl-images-amazon.com/images/I/51Pi0KAIWfL._AC_SX679_.jpg
A2YPUI4FA4QXOZ,£31.25,"Lansinoh Manual Breast Pump, 1-Count",Lansinoh,https://www.amazon.co.uk/Lansinoh-Manual-Breast-Pump-1-Count/dp/B000P9TK0W/ref=sr_1_72?dchild=1&m=A2YPUI4FA4QXOZ&qid=1586625029&s=merchant-items&sr=1-72,11/04/20 17:11,3.9 out of 5 stars,"50,774 in Baby Products ",#405 Breast Pumps & Accessories,370  customer ratings,B000P9TK0W,https://images-na.ssl-images-amazon.com/images/I/61FjB5TOyrL._AC_SY355_.jpg
A2YPUI4FA4QXOZ,£2.42,TePe Select Compact Toothbrush - Soft,TEPE,https://www.amazon.co.uk/TePe-Select-Compact-Toothbrush-Soft/dp/B0050I8IIS/ref=sr_1_71?dchild=1&m=A2YPUI4FA4QXOZ&qid=1586625029&s=merchant-items&sr=1-71,11/04/20 17:11,5.0 out of 5 stars,"165,099 in Health & Personal Care ",#1377 Manual Toothbrushes,2  customer ratings,B0050I8IIS,https://images-na.ssl-images-amazon.com/images/I/31PKKRkkKeL._AC_.jpg
A2YPUI4FA4QXOZ,£12.33,Wisdom Clean Between Brushes 6 Pack,WISDOM,https://www.amazon.co.uk/Wisdom-Clean-Between-Brushes-Pack/dp/B01AI0JAAW/ref=sr_1_70?dchild=1&m=A2YPUI4FA4QXOZ&qid=1586625029&s=merchant-items&sr=1-70,11/04/20 17:11,4.1 out of 5 stars,"108,798 in Health & Personal Care ",#9565 Dental Care,10  customer ratings,B01AI0JAAW,https://images-na.ssl-images-amazon.com/images/I/51KFYiZCkeL._AC_SY450_.jpg
A2YPUI4FA4QXOZ,£7.49,Wisdom Denture Brush x 4,WISDOM,https://www.amazon.co.uk/Wisdom-Denture-Brush-x-4/dp/B00GA4YWPE/ref=sr_1_69?dchild=1&m=A2YPUI4FA4QXOZ&qid=1586625029&s=merchant-items&sr=1-69,11/04/20 17:11,4.7 out of 5 stars,"112,020 in Health & Personal Care ",#23 Denture Brushes,20  customer ratings,B00GA4YWPE,https://images-na.ssl-images-amazon.com/images/I/61OjG-hVFpL._AC_SY355_.jpg
A2YPUI4FA4QXOZ,£5.94,Munchkin Fresh Soft Food Baby Feeder BPA Free 6 months + (Yellow/Green),Munchkin,https://www.amazon.co.uk/Munchkin-Fresh-Feeder-months-Yellow/dp/B00GTXIWDY/ref=sr_1_68?dchild=1&m=A2YPUI4FA4QXOZ&qid=1586625029&s=merchant-items&sr=1-68,11/04/20 17:11,3.1 out of 5 stars,"38,742 in Baby Products ",#1030 Soothers,25  customer ratings,B00GTXIWDY,https://images-na.ssl-images-amazon.com/images/I/51rNifG0TmL._AC_SX355_.jpg
A2YPUI4FA4QXOZ,£31.99,TePe InterDental Brushes Orange - 10 Packets (80 Brushes) by TePe,TEPE,https://www.amazon.co.uk/TePe-InterDental-Brushes-Orange-Packets/dp/B01CZ5A94Y/ref=sr_1_66?dchild=1&m=A2YPUI4FA4QXOZ&qid=1586625029&s=merchant-items&sr=1-66,11/04/20 17:11,4.8 out of 5 stars,"119,266 in Health & Personal Care ",#719 Interdental Brushes,5  customer ratings,B01CZ5A94Y,https://images-na.ssl-images-amazon.com/images/I/71gDgn4PaML._AC_SX466_.jpg
A2YPUI4FA4QXOZ,£10.99,Lansinoh Breast Milk Storage Bottles 4 pk.,Lansinoh,https://www.amazon.co.uk/Lansinoh-Breast-Milk-Storage-Bottles/dp/B000M8GBDK/ref=sr_1_81?dchild=1&m=A2YPUI4FA4QXOZ&qid=1586625060&s=merchant-items&sr=1-81,11/04/20 17:11,2.7 out of 5 stars,"110,544 in Baby Products ",#175 Breastmilk Containers,27  customer ratings,B000M8GBDK,https://images-na.ssl-images-amazon.com/images/I/81aXkblFmfL._AC_SX679_.jpg
A2YPUI4FA4QXOZ,£6.39,Biotene Dry Mouth Toothpaste 75ml,"Laclede,INC",https://www.amazon.co.uk/Biotene-Dry-Mouth-Toothpaste-75ml/dp/B002RAE8DG/ref=sr_1_94?dchild=1&m=A2YPUI4FA4QXOZ&qid=1586625060&s=merchant-items&sr=1-94,11/04/20 17:11,3.2 out of 5 stars,"352,013 in Health & Personal Care ",#4129 Toothpastes,6  customer ratings,B002RAE8DG,https://images-na.ssl-images-amazon.com/images/I/11u7PaWcnrL._AC_.jpg
A2YPUI4FA4QXOZ,£8.99,THREE PACKS of Aquafresh Milk Teeth Toothbrush 0-2 Years,Aquafresh,https://www.amazon.co.uk/THREE-PACKS-Aquafresh-Teeth-Toothbrush/dp/B008FRLVSU/ref=sr_1_93?dchild=1&m=A2YPUI4FA4QXOZ&qid=1586625060&s=merchant-items&sr=1-93,11/04/20 17:11,"381,942 in Health & Personal Care ",#3221 Manual Toothbrushes,Be the first to write a review,B008FRLVSU,https://images-na.ssl-images-amazon.com/images/I/717aR-BPSeL._AC_SY355_.jpg,
A2YPUI4FA4QXOZ,£8.69,Curaprox Interdental Handle Regular Green,Curaprox,https://www.amazon.co.uk/Curaprox-Interdental-Handle-Regular-Green/dp/B0047W2HHG/ref=sr_1_92?dchild=1&m=A2YPUI4FA4QXOZ&qid=1586625060&s=merchant-items&sr=1-92,11/04/20 17:11,5.0 out of 5 stars,"325,207 in Health & Personal Care ",#1300 Interdental Brushes,1 customer rating,B0047W2HHG,https://images-na.ssl-images-amazon.com/images/I/11AEOk2Ja5L._AC_.jpg
A2YPUI4FA4QXOZ,£7.99,Orthodontic Retainer Case Twin Pack Red Deluxe [Personal Care],Smilebitz,https://www.amazon.co.uk/Orthodontic-Retainer-Case-Deluxe-Personal/dp/B004IO6QAC/ref=sr_1_91?dchild=1&m=A2YPUI4FA4QXOZ&qid=1586625060&s=merchant-items&sr=1-91,11/04/20 17:11,4.0 out of 5 stars,"315,539 in Health & Personal Care ",#24635 Dental Care,4  customer ratings,B004IO6QAC,https://images-na.ssl-images-amazon.com/images/I/310Xm-Bb6PL._AC_.jpg
A2YPUI4FA4QXOZ,£33.63,Curaprox denture kit,CURAPROX,https://www.amazon.co.uk/Curaprox-denture-kit/dp/B00EQ90TSY/ref=sr_1_90?dchild=1&m=A2YPUI4FA4QXOZ&qid=1586625060&s=merchant-items&sr=1-90,11/04/20 17:11,"264,155 in Health & Personal Care ",#61 Denture Brushes,Be the first to write a review,B00EQ90TSY,https://images-na.ssl-images-amazon.com/images/I/31Q0oIrogsL._AC_.jpg,
A2YPUI4FA4QXOZ,£9.49,"Curaprox LS 636 Interdental Brushes Toothbrush, Coarse, Pack of 5",CURAPROX,https://www.amazon.co.uk/Curaprox-Interdental-Brushes-Pack-Pcs/dp/B00KVNWBB2/ref=sr_1_89?dchild=1&m=A2YPUI4FA4QXOZ&qid=1586625060&s=merchant-items&sr=1-89,11/04/20 17:11,5.0 out of 5 stars,"268,977 in Health & Personal Care ",#1133 Interdental Brushes,1 customer rating,B00KVNWBB2,https://images-na.ssl-images-amazon.com/images/I/61h2AdXiOsL._AC_SX569_.jpg
A2YPUI4FA4QXOZ,£9.08,"Curaprox LS 637 Interdental Toothbrushes, Extra Coarse, Pack of 5",CURAPROX,https://www.amazon.co.uk/Curaprox-Interdental-Toothbrushes-Extra-Coarse/dp/B00MGI5Z22/ref=sr_1_88?dchild=1&m=A2YPUI4FA4QXOZ&qid=1586625060&s=merchant-items&sr=1-88,11/04/20 17:11,"271,780 in Health & Personal Care ",#2270 Manual Toothbrushes,Be the first to write a review,B00MGI5Z22,https://images-na.ssl-images-amazon.com/images/I/51uTazC0TcL._AC_SX466_.jpg,
A2YPUI4FA4QXOZ,£10.50,TePe Green Interdental Brush 0.8mm 6 Brushes X Pack of 3 [YOUR CARE],TEPE,https://www.amazon.co.uk/TePe-Green-Interdental-Brush-Brushes/dp/B00GC9CYB6/ref=sr_1_87?dchild=1&m=A2YPUI4FA4QXOZ&qid=1586625060&s=merchant-items&sr=1-87,11/04/20 17:11,"249,224 in Health & Personal Care ",#1080 Interdental Brushes,Be the first to write a review,B00GC9CYB6,https://images-na.ssl-images-amazon.com/images/I/71N-ielAQTL._AC_SX569_.jpg,
A2YPUI4FA4QXOZ,£9.99,Keel Toys Scottie Dog Soft Toy,Keel Toys,https://www.amazon.co.uk/Keel-Toys-20cm-Pippins-Scottie/dp/B072L7GJ2B/ref=sr_1_86?dchild=1&m=A2YPUI4FA4QXOZ&qid=1586625060&s=merchant-items&sr=1-86,11/04/20 17:11,5.0 out of 5 stars,"624,333 in Toys & Games ",#38862 Soft Toys,1 customer rating,B072L7GJ2B,https://images-na.ssl-images-amazon.com/images/I/51HaqdJxHIL._AC_SX569_.jpg
A2YPUI4FA4QXOZ,£6.94,Curaprox LS 635G,CURAPROX,https://www.amazon.co.uk/Curaprox-LS-635G/dp/B0039Y618O/ref=sr_1_85?dchild=1&m=A2YPUI4FA4QXOZ&qid=1586625060&s=merchant-items&sr=1-85,11/04/20 17:11,3.3 out of 5 stars,"240,498 in Health & Personal Care ",#2002 Manual Toothbrushes,3  customer ratings,B0039Y618O,https://images-na.ssl-images-amazon.com/images/I/61zKhwAFDFL._AC_SX466_.jpg
A2YPUI4FA4QXOZ,£3.99,Colgate Smiles For Milk Teeth 0-3 Years 50ml,Colgate,https://www.amazon.co.uk/Colgate-Smiles-Milk-Teeth-Years/dp/B004480WRU/ref=sr_1_84?dchild=1&m=A2YPUI4FA4QXOZ&qid=1586625060&s=merchant-items&sr=1-84,11/04/20 17:11,"235,320 in Health & Personal Care ",#3056 Toothpastes,Be the first to write a review,B004480WRU,https://images-na.ssl-images-amazon.com/images/I/71-lduMo6RL._AC_SY550_.jpg,
A2YPUI4FA4QXOZ,£8.99,CURAPROX LS634 interdental brushesLS634 Long Stemed interdental brushes (Xtra fine tapered). Pack of 8 brushes.,Curaprox,https://www.amazon.co.uk/CURAPROX-interdental-brushesLS634-brushes-brushes/dp/B01EYZOVL0/ref=sr_1_82?dchild=1&m=A2YPUI4FA4QXOZ&qid=1586625060&s=merchant-items&sr=1-82,11/04/20 17:12,"241,247 in Health & Personal Care ",#1378 Teeth Whiteners,Be the first to write a review,B01EYZOVL0,https://images-na.ssl-images-amazon.com/images/I/41bMciF9HmL._AC_.jpg,
A2YPUI4FA4QXOZ,£86.45,TePe InterDental Brushes- 30 Packets (240 Brushes) Any Colour !,TEPE,https://www.amazon.co.uk/TePe-InterDental-Brushes-Packets-Brushes/dp/B004QDL006/ref=sr_1_107?dchild=1&m=A2YPUI4FA4QXOZ&qid=1586625092&s=merchant-items&sr=1-107,11/04/20 17:12,"425,627 in Health & Personal Care ",#1609 Interdental Brushes,Be the first to write a review,B004QDL006,https://images-na.ssl-images-amazon.com/images/I/311d%2B2dTESL._AC_.jpg,
A2YPUI4FA4QXOZ,£32.99,TePe InterDental Brushes- 10 Packets (80 Brushes) Any Colour !,TEPE,https://www.amazon.co.uk/TePe-InterDental-Brushes-Packets-Brushes/dp/B004QHRW6I/ref=sr_1_106?dchild=1&m=A2YPUI4FA4QXOZ&qid=1586625092&s=merchant-items&sr=1-106,11/04/20 17:12,"447,586 in Health & Personal Care ",#1662 Interdental Brushes,Be the first to write a review,B004QHRW6I,https://images-na.ssl-images-amazon.com/images/I/311d%2B2dTESL._AC_.jpg,
A2YPUI4FA4QXOZ,£59.99,TePe InterDental Brushes- 20 Packets (160 Brushes) Any Colour !,TEPE,https://www.amazon.co.uk/TePe-InterDental-Brushes-Packets-Brushes/dp/B004UFSSX2/ref=sr_1_105?dchild=1&m=A2YPUI4FA4QXOZ&qid=1586625092&s=merchant-items&sr=1-105,11/04/20 17:12,"530,239 in Health & Personal Care ",#1905 Interdental Brushes,Be the first to write a review,B004UFSSX2,https://images-na.ssl-images-amazon.com/images/I/311d%2B2dTESL._AC_.jpg,
A2YPUI4FA4QXOZ,£15.99,TePe Extra Soft Green 3 Pack with free Travel Case worth £1.50 [Personal Care],TEPE,https://www.amazon.co.uk/TePe-Extra-Green-Travel-Personal/dp/B004ZEFZPM/ref=sr_1_104?dchild=1&m=A2YPUI4FA4QXOZ&qid=1586625092&s=merchant-items&sr=1-104,11/04/20 17:12,"643,137 in Health & Personal Care ",#5146 Manual Toothbrushes,Be the first to write a review,B004ZEFZPM,https://images-na.ssl-images-amazon.com/images/I/11U40ZaocxL._AC_.jpg,
A2YPUI4FA4QXOZ,£15.99,TePe Extra Soft Yellow 3 Pack with free Travel Case worth £1.50 [Personal Care],TEPE,https://www.amazon.co.uk/TePe-Extra-Yellow-Travel-Personal/dp/B004ZEIWLQ/ref=sr_1_103?dchild=1&m=A2YPUI4FA4QXOZ&qid=1586625092&s=merchant-items&sr=1-103,11/04/20 17:12,"451,731 in Health & Personal Care ",#3781 Manual Toothbrushes,Be the first to write a review,B004ZEIWLQ,https://images-na.ssl-images-amazon.com/images/I/11bX%2BSX-DcL._AC_.jpg,
A2YPUI4FA4QXOZ,£3.91,Tepe Angle Brush 0.5Mm Red (6 Brushes Per Pack) by Tepe,TEPE,https://www.amazon.co.uk/Tepe-Angle-Brush-0-5Mm-Brushes/dp/B00YDJ98PW/ref=sr_1_101?dchild=1&m=A2YPUI4FA4QXOZ&qid=1586625092&s=merchant-items&sr=1-101,11/04/20 17:12,"629,793 in Health & Personal Care ",#2111 Interdental Brushes,Be the first to write a review,B00YDJ98PW,https://images-na.ssl-images-amazon.com/images/I/61%2BmdwXjtjL._AC_SX425_.jpg,
A2YPUI4FA4QXOZ,£28.49,TePe Interdental Brushes - 10 Packets of 8 (80 Brushes) - All Colours & Sizes (0.40mm Pink) by TePe,TEPE,https://www.amazon.co.uk/TePe-Interdental-Brushes-Packets-Colours/dp/B01CZ5IADQ/ref=sr_1_100?dchild=1&m=A2YPUI4FA4QXOZ&qid=1586625092&s=merchant-items&sr=1-100,11/04/20 17:12,4.3 out of 5 stars,"26,215 in Health & Personal Care ",#230 Interdental Brushes,3  customer ratings,B01CZ5IADQ,https://images-na.ssl-images-amazon.com/images/I/71jhcmyPvtL._AC_SY450_.jpg
A2YPUI4FA4QXOZ,£4.16,"TePe EasyPick Dental Picks for daily oral hygiene, healthy teeth and gums, size XS/S / 1 x 36 picks",TEPE,https://www.amazon.co.uk/EasyPick-Dental-Picks-hygiene-healthy/dp/B00Y0QDEJE/ref=sr_1_1?dchild=1&m=A2YPUI4FA4QXOZ&qid=1586624931&s=merchant-items&sr=1-1,11/04/20 17:08,4.7 out of 5 stars,175 in Health & Personal Care ,#2 Interdental Brushes,"1,682  customer ratings",B00Y0QDEJE,https://images-na.ssl-images-amazon.com/images/I/71INSMF%2BmML._AC_SY450_.jpg
A2YPUI4FA4QXOZ,£4.25,Tepe Interdental Brush Soft Yellow 8 Pack [Personal Care],TEPE,https://www.amazon.co.uk/Tepe-Interdental-Brush-Yellow-Personal/dp/B004QSHUJ6/ref=sr_1_16?dchild=1&m=A2YPUI4FA4QXOZ&qid=1586624931&s=merchant-items&sr=1-16,11/04/20 17:08,4.4 out of 5 stars,"34,328 in Health & Personal Care ",#305 Interdental Brushes,34  customer ratings,B004QSHUJ6,https://images-na.ssl-images-amazon.com/images/I/71AS6fbTQKL._AC_SY355_.jpg
A2YPUI4FA4QXOZ,£8.49,Gengigel Gel,Gengigel,https://www.amazon.co.uk/Gengigel-TRTAZ11A-Gel/dp/B018OSGCR4/ref=sr_1_15?dchild=1&m=A2YPUI4FA4QXOZ&qid=1586624931&s=merchant-items&sr=1-15,11/04/20 17:09,4.2 out of 5 stars,"34,343 in Health & Personal Care ",#647 Essential Fatty Acid Nutritional Supplements and Oils,23  customer ratings,B018OSGCR4,https://images-na.ssl-images-amazon.com/images/I/71rwP8FVb8L._AC_SY355_.jpg
A2YPUI4FA4QXOZ,£8.98,Halilit Baby Tambourine Musical Instrument (Colours Vary),Halilit,https://www.amazon.co.uk/Halilit-Tambourine-Musical-Instrument-Colours/dp/B001BC72K2/ref=sr_1_14?dchild=1&m=A2YPUI4FA4QXOZ&qid=1586624931&s=merchant-items&sr=1-14,11/04/20 17:09,4.4 out of 5 stars,"5,308 in Baby Products ",#33 Mobiles,387  customer ratings,B001BC72K2,https://images-na.ssl-images-amazon.com/images/I/5141WsZxn2L._AC_SY450_.jpg
A2YPUI4FA4QXOZ,£9.80,TePe Interdental Brushes 0.6mm Blue - 3 Packets of 8 (24 Brushes),TePe,https://www.amazon.co.uk/TePe-Interdental-Brushes-0-6mm-Blue/dp/B002RV806Q/ref=sr_1_13?dchild=1&m=A2YPUI4FA4QXOZ&qid=1586624931&s=merchant-items&sr=1-13,11/04/20 17:09,4.8 out of 5 stars,"9,045 in Computers & Accessories ",#937 Printer Accessories,50  customer ratings,B002RV806Q,https://images-na.ssl-images-amazon.com/images/I/71QneyNLvFL._AC_SX466_.jpg
A2YPUI4FA4QXOZ,£10.48,TePe Yellow Interdental Brush 0.7mm 6 Brushes X Pack of 3 [YOUR CARE],TEPE,https://www.amazon.co.uk/TePe-Yellow-Interdental-Brush-Brushes/dp/B00GC9NC7Q/ref=sr_1_11?dchild=1&m=A2YPUI4FA4QXOZ&qid=1586624931&s=merchant-items&sr=1-11,11/04/20 17:09,4.8 out of 5 stars,"11,378 in Health & Personal Care ",#107 Interdental Brushes,7  customer ratings,B00GC9NC7Q,https://images-na.ssl-images-amazon.com/images/I/617fwXfIKgL._AC_SX466_.jpg
A2YPUI4FA4QXOZ,£9.99,Fixodent Original Denture Adhesive Cream 2 x 40 ml,Fixodent,https://www.amazon.co.uk/Fixodent-Original-Denture-Adhesive-Cream/dp/B004GKIEAS/ref=sr_1_10?dchild=1&m=A2YPUI4FA4QXOZ&qid=1586624931&s=merchant-items&sr=1-10,11/04/20 17:09,4.7 out of 5 stars,"18,955 in Health & Personal Care ",#46 Denture Adhesives,7  customer ratings,B004GKIEAS,https://images-na.ssl-images-amazon.com/images/I/61msxaHlVRL._AC_SY355_.jpg
A2YPUI4FA4QXOZ,£2.84,CTS Super Interspace Brush,CTS,https://www.amazon.co.uk/CTS-Super-Interspace/dp/B0085AORC4/ref=sr_1_9?dchild=1&m=A2YPUI4FA4QXOZ&qid=1586624931&s=merchant-items&sr=1-9,11/04/20 17:09,4.7 out of 5 stars,"9,339 in Health & Personal Care ",#90 Interdental Brushes,176  customer ratings,B0085AORC4,https://images-na.ssl-images-amazon.com/images/I/31DVKSwyEiL._AC_SY879_.jpg
