A3NV6HLDD76AC2,£29.99,200 X Multi coloured soft play balls for indoor play,DEENZ,https://www.amazon.co.uk/Multi-coloured-soft-balls-indoor/dp/B016QBOY1M/ref=sr_1_1?dchild=1&m=A3NV6HLDD76AC2&qid=1586624478&s=merchant-items&sr=1-1,11/04/20 17:01,4.3 out of 5 stars,110 in Toys & Games ,#1 Toy Activity & Play Balls,346  customer ratings,B016QBOY1M,https://images-na.ssl-images-amazon.com/images/I/81Na9jTByJL._AC_SX425_.jpg
A3NV6HLDD76AC2,£39.99,50M Outdoor 4 Arm Rotary Airer Clothes Washing Line Dryer Garden Laundry New,PonZE Home Series,https://www.amazon.co.uk/Outdoor-Rotary-Clothes-Washing-Laundry/dp/B01N0560EE/ref=sr_1_16?dchild=1&m=A3NV6HLDD76AC2&qid=1586624478&s=merchant-items&sr=1-16,11/04/20 17:01,"10,733 in Home & Kitchen ",#43 Rotary Airers,Be the first to write a review,B01N0560EE,https://images-na.ssl-images-amazon.com/images/I/71g3pkUNrYL._AC_SY450_.jpg,
A3NV6HLDD76AC2,£6.99,"Parkland® Pump Action Pressure Sprayer - use with water, fertilizer or pesticides (1, 1L Sprayer Bottle)",Parkland,https://www.amazon.co.uk/Parkland-1000ml-Garden-Sprayer-Adjustable/dp/B01I3HRCP2/ref=sr_1_15?dchild=1&m=A3NV6HLDD76AC2&qid=1586624478&s=merchant-items&sr=1-15,11/04/20 17:01,4.1 out of 5 stars,"1,401 in Garden & Outdoors ",#10 Pest Control Sprayers,258  customer ratings,B01I3HRCP2,https://images-na.ssl-images-amazon.com/images/I/61r%2Bfctqw2L._AC_SX679_.jpg
A3NV6HLDD76AC2,£12.99,Giant Quoits Classic Family Game Garden Indoor Outdoor Party Fun Playing Games,Generic,https://www.amazon.co.uk/Quoits-Classic-Family-Outdoor-Playing/dp/B07BF7T3PG/ref=sr_1_14?dchild=1&m=A3NV6HLDD76AC2&qid=1586624478&s=merchant-items&sr=1-14,11/04/20 17:01,3.3 out of 5 stars,"3,298 in Toys & Games ",#269 Kids' Party Supplies #436 Games & Game Accessories,4  customer ratings,B07BF7T3PG,https://images-na.ssl-images-amazon.com/images/I/81WXkm0p7eL._AC_SX466_.jpg
A3NV6HLDD76AC2,£19.99,BARGAINS-GALOREÂ® 10 X GARDEN SOLAR POST LIGHTS RECHARGEABLE LAMPS S/S TUBE PATIO OUTDOOR SECURITY,Marksman,https://www.amazon.co.uk/BARGAINS-GALORE%C3%82%C2%AE-GARDEN-RECHARGEABLE-OUTDOOR-SECURITY/dp/B00BUQU9H2/ref=sr_1_13?dchild=1&m=A3NV6HLDD76AC2&qid=1586624478&s=merchant-items&sr=1-13,11/04/20 17:01,3.3 out of 5 stars,454 in Lighting ,#80 Outdoor Lighting,"1,277  customer ratings",B00BUQU9H2,https://images-na.ssl-images-amazon.com/images/I/51vRHvYLjyL._AC_SX355_.jpg
A3NV6HLDD76AC2,£7.99,Magic Curtain Door Mesh Magnetic Fastening Hands Free Fly Bug Mosquito Insect Screen White,Unknown,https://www.amazon.co.uk/Curtain-Magnetic-Fastening-Mosquito-Insect/dp/B01FR6VGS6/ref=sr_1_12?dchild=1&m=A3NV6HLDD76AC2&qid=1586624478&s=merchant-items&sr=1-12,11/04/20 17:01,3.8 out of 5 stars,"2,396 in Home & Kitchen ",#27 Curtain & Blind Accessories,36  customer ratings,B01FR6VGS6,https://images-na.ssl-images-amazon.com/images/I/71LY1YBEXAL._AC_SX679_.jpg
A3NV6HLDD76AC2,£7.99,Mega_Jumble Self Cooling Gel Pet Dog Cat Cool Mat Pad Bed Mattress Heat Relief Non-Toxic 30 x 40cm Blue,Mega_Jumble,https://www.amazon.co.uk/Mega_Jumble-Cooling-Mattress-Relief-Non-Toxic/dp/B072FT7XRQ/ref=sr_1_11?dchild=1&m=A3NV6HLDD76AC2&qid=1586624478&s=merchant-items&sr=1-11,11/04/20 17:01,4.2 out of 5 stars,730 in Pet Supplies ,"#6 Cat Beds, Bedding & Furniture",785  customer ratings,B072FT7XRQ,https://images-na.ssl-images-amazon.com/images/I/71%2ByaB3h2FL._AC_SX355_.jpg
A3NV6HLDD76AC2,£29.95,FK's Garden 9kg Cast Iron Effect Parasol Base,FK's,https://www.amazon.co.uk/FKs-Garden-Cast-Effect-Parasol/dp/B07TJVLFXW/ref=sr_1_8?dchild=1&m=A3NV6HLDD76AC2&qid=1586624478&s=merchant-items&sr=1-8,11/04/20 17:01,4.5 out of 5 stars,"3,254 in Garden & Outdoors ",#56 Garden Parasols,19  customer ratings,B07TJVLFXW,https://images-na.ssl-images-amazon.com/images/I/31lPpM9ZLGL._AC_.jpg
A3NV6HLDD76AC2,£34.95,DELUXE TABLE GAME SET 5 IN 1 FOOTBALL TENNIS BACKGAMMON CHESS POOL SNOOKER TOY,EUROTRADE 5 IN 1 TABLE,https://www.amazon.co.uk/DELUXE-FOOTBALL-TENNIS-BACKGAMMON-SNOOKER/dp/B00MTJJYES/ref=sr_1_9?dchild=1&m=A3NV6HLDD76AC2&qid=1586624478&s=merchant-items&sr=1-9,11/04/20 17:01,4.1 out of 5 stars,"3,849 in Toys & Games ",#4 Tabletop & Miniature Gaming,73  customer ratings,B00MTJJYES,https://images-na.ssl-images-amazon.com/images/I/51aKR3QdcUL._AC_SY355_.jpg
A3NV6HLDD76AC2,£7.99,LARGE TOY SOFT TEDDY HAMMOCK MESH BABY CHILDS BEDROOM TIDY STORAGE NURSERY NET,Saving World,https://www.amazon.co.uk/HAMMOCK-CHILDS-BEDROOM-STORAGE-NURSERY/dp/B00WKAGUZ2/ref=sr_1_6?dchild=1&m=A3NV6HLDD76AC2&qid=1586624478&s=merchant-items&sr=1-6,11/04/20 17:01,4.1 out of 5 stars,933 in Baby Products ,#2 Nursery Hammocks,98  customer ratings,B00WKAGUZ2,https://images-na.ssl-images-amazon.com/images/I/71ZVlooSRTL._AC_SY355_.jpg
A3NV6HLDD76AC2,£44.95,4 Tier Mini Greenhouse with Shelves & Clear PVC Cover,Parkland,https://www.amazon.co.uk/Tier-Greenhouse-Shelves-Clear-Cover/dp/B00JDJYFTG/ref=sr_1_5?dchild=1&m=A3NV6HLDD76AC2&qid=1586624478&s=merchant-items&sr=1-5,11/04/20 17:01,4.1 out of 5 stars,"2,572 in Garden & Outdoors ",#12 Greenhouses,19  customer ratings,B00JDJYFTG,https://images-na.ssl-images-amazon.com/images/I/71Qf0SGGr8L._AC_SX425_.jpg
A3NV6HLDD76AC2,£14.99,"DIVCHI 100PCS Soft Plastic Mini Play Balls Multi Vibrant Colors - Crush Proof, No Sharp Edges, Non Toxic, Phthalate & BPA Free - Use in Baby or Toddler Ball Pit (100PCS)",DIVCHI,https://www.amazon.co.uk/DIVCHI-100PCS-Plastic-Vibrant-Colors/dp/B082FQB95H/ref=sr_1_4?dchild=1&m=A3NV6HLDD76AC2&qid=1586624478&s=merchant-items&sr=1-4,11/04/20 17:01,4.5 out of 5 stars,"1,029 in Toys & Games ",#4 Kids' Ball Pits & Accessories,88  customer ratings,B082FQB95H,https://images-na.ssl-images-amazon.com/images/I/61GCxn7HhGL._AC_SX569_.jpg
A3NV6HLDD76AC2,£13.99,16oz Can Crusher - Crush Cans Up To 500ml,Ossian,https://www.amazon.co.uk/16oz-Can-Crusher-Crush-500ml/dp/B0069K0FKU/ref=sr_1_3?dchild=1&m=A3NV6HLDD76AC2&qid=1586624478&s=merchant-items&sr=1-3,11/04/20 17:01,3.8 out of 5 stars,"5,055 in Home & Kitchen ",#17 Can Openers,357  customer ratings,B0069K0FKU,https://images-na.ssl-images-amazon.com/images/I/41b48buX2NL._AC_SY450_.jpg
A3NV6HLDD76AC2,£19.99,Babz - 10 x GARDEN SOLAR POWERED STAINLESS STEEL POST LIGHTS,Babz,https://www.amazon.co.uk/Babz-GARDEN-POWERED-STAINLESS-LIGHTS/dp/B00I21VMCO/ref=sr_1_2?dchild=1&m=A3NV6HLDD76AC2&qid=1586624478&s=merchant-items&sr=1-2,11/04/20 17:01,3.6 out of 5 stars,14 in Lighting ,#1 Pathway Lighting,278  customer ratings,B00I21VMCO,https://images-na.ssl-images-amazon.com/images/I/917Q0TCWOHL._AC_SX466_.jpg
A3NV6HLDD76AC2,£23.99,Replacement Spare PE Cover for Compact Walk In Greenhouse - Size: W143xD73xH195cm,Parkland,https://www.amazon.co.uk/Replacement-Spare-Cover-Compact-Greenhouse/dp/B00JE86LNE/ref=sr_1_17?dchild=1&m=A3NV6HLDD76AC2&qid=1586624482&s=merchant-items&sr=1-17,11/04/20 17:01,4.4 out of 5 stars,"2,950 in Garden & Outdoors ",#17 Greenhouses,67  customer ratings,B00JE86LNE,https://images-na.ssl-images-amazon.com/images/I/81r0uIDECvL._AC_SX466_.jpg
A3NV6HLDD76AC2,£13.99,Deluxe Lawn Aerator Sandals Spiked Shoes 26 Spikes Secure Strap,Parkland,https://www.amazon.co.uk/Deluxe-Aerator-Sandals-Spiked-Spikes/dp/B00DDVDBCC/ref=sr_1_32?dchild=1&m=A3NV6HLDD76AC2&qid=1586624482&s=merchant-items&sr=1-32,11/04/20 17:01,2.8 out of 5 stars,"5,062 in Garden & Outdoors ",#12 Manual Lawn Aerators,86  customer ratings,B00DDVDBCC,https://images-na.ssl-images-amazon.com/images/I/71Z4DraIVLL._AC_SY450_.jpg
A3NV6HLDD76AC2,£15.99,2 Tier Adjustable Extendable Multi Purpose Kitchen Bathroom Under Sink Rack Shelf Organiser Storage Tidy Grey,Taylor & Brown,https://www.amazon.co.uk/Adjustable-Extendable-Purpose-Bathroom-Organiser/dp/B083V6HPGP/ref=sr_1_31?dchild=1&m=A3NV6HLDD76AC2&qid=1586624482&s=merchant-items&sr=1-31,11/04/20 17:02,3.1 out of 5 stars,"6,595 in Home & Kitchen ",#1 Under Sink Storage,5  customer ratings,B083V6HPGP,https://images-na.ssl-images-amazon.com/images/I/71M0HfdebpL._AC_SY355_.jpg
A3NV6HLDD76AC2,£9.97,NEW 15M POROUS SOAKER HOSE WATER DRIP IRRIGATION FLEXIBLE LAWN GARDEN WATERING,Other,https://www.amazon.co.uk/POROUS-SOAKER-IRRIGATION-FLEXIBLE-WATERING/dp/B075XRY36W/ref=sr_1_30?dchild=1&m=A3NV6HLDD76AC2&qid=1586624482&s=merchant-items&sr=1-30,11/04/20 17:02,4.6 out of 5 stars,"6,419 in Garden & Outdoors ",#114 Garden Hoses,6  customer ratings,B075XRY36W,https://images-na.ssl-images-amazon.com/images/I/41N70F8r6WL._AC_SY450_.jpg
A3NV6HLDD76AC2,£7.20,RSW Smart Choice Pet Cooling Mat No More Over Heating 40x50cm,Smart Choice,https://www.amazon.co.uk/Smart-Choice-Cooling-Heating-40x50cm/dp/B01FIB1NHE/ref=sr_1_28?dchild=1&m=A3NV6HLDD76AC2&qid=1586624482&s=merchant-items&sr=1-28,11/04/20 17:02,4.0 out of 5 stars,"1,233 in Pet Supplies ",#6 Dog Bed Mats,346  customer ratings,B01FIB1NHE,https://images-na.ssl-images-amazon.com/images/I/41gAknsCdeL._AC_SX450_.jpg
A3NV6HLDD76AC2,£129.99,BARGAINSGALORE 2 ZERO GRAVITY CHAIRS & TABLE SET GARDEN RECLINING RECLINER RELAXER SUN LOUNGER,BARGAINSGALORE,https://www.amazon.co.uk/BARGAINSGALORE-GRAVITY-RECLINING-RECLINER-RELAXER/dp/B07SKK3XZK/ref=sr_1_27?dchild=1&m=A3NV6HLDD76AC2&qid=1586624482&s=merchant-items&sr=1-27,11/04/20 17:02,4.6 out of 5 stars,"5,144 in Garden & Outdoors ",#49 Garden Furniture Sets,14  customer ratings,B07SKK3XZK,https://images-na.ssl-images-amazon.com/images/I/61fivj7ZgYL._AC_SY450_.jpg
A3NV6HLDD76AC2,£16.99,Taylor & Brown® Double Line 26m Indoor Outdoor Retractable Reel Clothes Washing Line,Taylor & Brown,https://www.amazon.co.uk/Taylor-Outdoor-Retractable-Clothes-Washing/dp/B075ZXC7T6/ref=sr_1_26?dchild=1&m=A3NV6HLDD76AC2&qid=1586624482&s=merchant-items&sr=1-26,11/04/20 17:02,3.0 out of 5 stars,"4,168 in Home & Kitchen ",#30 Clotheslines,50  customer ratings,B075ZXC7T6,https://images-na.ssl-images-amazon.com/images/I/81b8I9xiQwL._AC_SX425_.jpg
A3NV6HLDD76AC2,£8.99,Parkland® 32mm Metal Galvanised Outdoor Rotary Washing Line Clothes Parasol Ground Spike Soil Socket,Parkland,https://www.amazon.co.uk/Parkland%C2%AE-Galvanised-Outdoor-Washing-Clothes/dp/B07YLZX143/ref=sr_1_25?dchild=1&m=A3NV6HLDD76AC2&qid=1586624482&s=merchant-items&sr=1-25,11/04/20 17:02,5.0 out of 5 stars,"10,832 in Home & Kitchen ",#44 Rotary Airers,2  customer ratings,B07YLZX143,https://images-na.ssl-images-amazon.com/images/I/51K8rT7jY2L._AC_SX466_.jpg
A3NV6HLDD76AC2,£29.99,"Parkland® Sun Lounger Cushions, Garden Furniture Cushions - Portable Garden Patio Thick Padded Bed Recliner Relaxer Chair Seat Cover for Travel/Holiday/Indoor/Outdoor (Grey)",Parkland,https://www.amazon.co.uk/Parkland%C2%AE-Lounger-Cushions-Garden-Furniture/dp/B07VR216YM/ref=sr_1_24?dchild=1&m=A3NV6HLDD76AC2&qid=1586624482&s=merchant-items&sr=1-24,11/04/20 17:02,3.1 out of 5 stars,"3,378 in Garden & Outdoors ",#33 Sunloungers,21  customer ratings,B07VR216YM,https://images-na.ssl-images-amazon.com/images/I/61OPDrqwovL._AC_SY450_.jpg
A3NV6HLDD76AC2,£13.99,"Babz 16oz Crusher-Crush cans up to 500ml, Black",Babz,https://www.amazon.co.uk/Babz-16oz-Crusher-Crush-500ml-Black/dp/B014746CPG/ref=sr_1_22?dchild=1&m=A3NV6HLDD76AC2&qid=1586624482&s=merchant-items&sr=1-22,11/04/20 17:02,3.8 out of 5 stars,"7,460 in Home & Kitchen ",#12 Bottle Openers (Home & Kitchen),149  customer ratings,B014746CPG,https://images-na.ssl-images-amazon.com/images/I/61VJc9oQRFL._AC_SY450_.jpg
A3NV6HLDD76AC2,£16.99,Petlicity Traditional Wooden Bird Table Garden Birds Feeder Feeding Station Free Standing Feeding Table Station Bird House,Petlicity,https://www.amazon.co.uk/Traditional-Feeding-Station-Standing-Quality/dp/B01155O2KC/ref=sr_1_21?dchild=1&m=A3NV6HLDD76AC2&qid=1586624482&s=merchant-items&sr=1-21,11/04/20 17:02,3.1 out of 5 stars,"2,632 in Garden & Outdoors ",#35 Bird Feeders (Garden & Outdoors),80  customer ratings,B01155O2KC,https://images-na.ssl-images-amazon.com/images/I/51EUvSfgevL._AC_SX355_.jpg
A3NV6HLDD76AC2,£19.95,"X-Large Non-Stick Cast Iron Reversible Griddle Plate Pan Double Sided for BBQ & Hob Cooking, 50 x 23 cm",Top Home Solutions,https://www.amazon.co.uk/Solutions%C2%AE-Non-Stick-Reversible-Griddle-Cooking/dp/B0153L8KRA/ref=sr_1_20?dchild=1&m=A3NV6HLDD76AC2&qid=1586624482&s=merchant-items&sr=1-20,11/04/20 17:02,4.0 out of 5 stars,"6,124 in Home & Kitchen ",#15 Electric Grills #2031 Cooking & Dining,72  customer ratings,B0153L8KRA,https://images-na.ssl-images-amazon.com/images/I/814RUNC7Q-L._AC_SY450_.jpg
A3NV6HLDD76AC2,£15.99,Parkland® Replacement Spare Clear PVC Cover for 4 Tier Greenhouse - Size: H160xW69xD49cm,Parkland,https://www.amazon.co.uk/Replacement-Spare-Clear-Cover-Greenhouse/dp/B00JE9RHDQ/ref=sr_1_19?dchild=1&m=A3NV6HLDD76AC2&qid=1586624482&s=merchant-items&sr=1-19,11/04/20 17:02,4.0 out of 5 stars,"6,374 in Garden & Outdoors ",#43 Greenhouses,35  customer ratings,B00JE9RHDQ,https://images-na.ssl-images-amazon.com/images/I/71Mzv93xdWL._AC_SY450_.jpg
A3NV6HLDD76AC2,£39.99,My Home Essentials® 4 Arm 50m Rotary Clothes Airer Dryer Washing Line Garden Outdoor,Abaseen,https://www.amazon.co.uk/Optiproducts-MyHomeEssentials-metre-Rotary-Washing/dp/B07BRZYHD1/ref=sr_1_18?dchild=1&m=A3NV6HLDD76AC2&qid=1586624482&s=merchant-items&sr=1-18,11/04/20 17:02,3.8 out of 5 stars,"24,044 in Home & Kitchen ",#64 Rotary Airers,12  customer ratings,B07BRZYHD1,https://images-na.ssl-images-amazon.com/images/I/31jOypSqajL._AC_.jpg
A3NV6HLDD76AC2,£17.99,Solalite® Decorative Fairy Statue with Solar Crackle Ball Light Outdoor Garden Ornament Table Top,Solalite,https://www.amazon.co.uk/Solalite%C2%AE-Decorative-Crackle-Outdoor-Ornament/dp/B07T6BRMT1/ref=sr_1_33?dchild=1&m=A3NV6HLDD76AC2&qid=1586624514&s=merchant-items&sr=1-33,11/04/20 17:02,4.4 out of 5 stars,"7,239 in Garden & Outdoors ",#31 Outdoor Statues,12  customer ratings,B07T6BRMT1,https://images-na.ssl-images-amazon.com/images/I/91WTm3KtadL._AC_SX522_.jpg
A3NV6HLDD76AC2,£15.99,Parkland® Replacement Spare PE Cover for 4 Tier Greenhouse - Size: H160xW69xD49cm,Parkland,https://www.amazon.co.uk/Replacement-Spare-Cover-Tier-Greenhouse/dp/B00JEAGSLC/ref=sr_1_48?dchild=1&m=A3NV6HLDD76AC2&qid=1586624514&s=merchant-items&sr=1-48,11/04/20 17:02,4.5 out of 5 stars,"8,487 in Garden & Outdoors ",#8 Greenhouse Tents #63 Greenhouses,16  customer ratings,B00JEAGSLC,https://images-na.ssl-images-amazon.com/images/I/71Bgal-hHgL._AC_SX425_.jpg
A3NV6HLDD76AC2,£9.99,"Taylor & Brown Multi-Purpose Anti-Slip Folding Plastic Step Stool, 9 inch 22cm Height Compact Foldable Stool For Kids & Adults, Kitchen Garden Bathroom Collapsible Stepping Stool (Grey)",Taylor & Brown,https://www.amazon.co.uk/Taylor-Brown-Multi-Purpose-Anti-Slip-Collapsible/dp/B083V36K2B/ref=sr_1_46?dchild=1&m=A3NV6HLDD76AC2&qid=1586624514&s=merchant-items&sr=1-46,11/04/20 17:02,4.6 out of 5 stars,"4,221 in Home & Kitchen ",#7 Children's Step Stools,3  customer ratings,B083V36K2B,https://images-na.ssl-images-amazon.com/images/I/71FEw-5xxGL._AC_SX425_.jpg
A3NV6HLDD76AC2,£11.99,Defrosting Tray Aluminium Meat Thaw Thawing Miracle Frozen Food Defrost Quick,SONIC,https://www.amazon.co.uk/Defrosting-Aluminium-Thawing-Miracle-Defrost/dp/B077TT9F67/ref=sr_1_45?dchild=1&m=A3NV6HLDD76AC2&qid=1586624514&s=merchant-items&sr=1-45,11/04/20 17:02,5.0 out of 5 stars,"14,179 in Home & Kitchen ",#6 Defrosting Trays,6  customer ratings,B077TT9F67,https://images-na.ssl-images-amazon.com/images/I/71I1%2BX4W0CL._AC_SX679_.jpg
A3NV6HLDD76AC2,£34.99,Tomato Growbag Growhouse with Heavy Duty Reinforced Cover,Parkland,https://www.amazon.co.uk/Tomato-Growbag-Growhouse-Heavy-Reinforced/dp/B00JDL63GW/ref=sr_1_43?dchild=1&m=A3NV6HLDD76AC2&qid=1586624514&s=merchant-items&sr=1-43,11/04/20 17:02,3.1 out of 5 stars,"4,057 in Garden & Outdoors ",#26 Greenhouses,37  customer ratings,B00JDL63GW,https://images-na.ssl-images-amazon.com/images/I/7166XkNPbFL._AC_SX466_.jpg
A3NV6HLDD76AC2,£29.95,Parkland® Green Copper Effect Solar Bird Bath & Table Bird Hotel,Parkland,https://www.amazon.co.uk/Parkland%C2%AE-Green-Copper-Effect-Solar/dp/B00C8SIMEI/ref=sr_1_42?dchild=1&m=A3NV6HLDD76AC2&qid=1586624514&s=merchant-items&sr=1-42,11/04/20 17:02,3.3 out of 5 stars,"5,185 in Garden & Outdoors ",#76 Bird Feeders (Garden & Outdoors) #17 Birdbaths & Supports,89  customer ratings,B00C8SIMEI,https://images-na.ssl-images-amazon.com/images/I/91fKQyEtAaL._AC_SX679_.jpg
A3NV6HLDD76AC2,£19.99,"Parkland 60m Portable Hose Reel Garden Watering Pipe Cart Free Standing for Patio, Deck, Yard, Garden, Home, Driveway",Parkland,https://www.amazon.co.uk/Parkland-Portable-Watering-Standing-Driveway/dp/B01HMU46AK/ref=sr_1_41?dchild=1&m=A3NV6HLDD76AC2&qid=1586624514&s=merchant-items&sr=1-41,11/04/20 17:02,3.8 out of 5 stars,"6,440 in Garden & Outdoors ",#24 Garden Hose Reels,28  customer ratings,B01HMU46AK,https://images-na.ssl-images-amazon.com/images/I/610DWizxowL._AC_SY450_.jpg
A3NV6HLDD76AC2,£32.99,Parkland® Set of 2 Folding Camping Fishing Chairs with Cup Holder and Carry Bag (Blue),Parkland,https://www.amazon.co.uk/Parkland-Folding-Camping-Fishing-Chairs/dp/B013IF28E4/ref=sr_1_40?dchild=1&m=A3NV6HLDD76AC2&qid=1586624514&s=merchant-items&sr=1-40,11/04/20 17:02,3.4 out of 5 stars,"13,550 in Garden & Outdoors ",#65 Camping Chairs #102 Garden Chairs,63  customer ratings,B013IF28E4,https://images-na.ssl-images-amazon.com/images/I/71PAq%2BAavJL._AC_SY355_.jpg
A3NV6HLDD76AC2,£19.99,Parkland® Steel Weed Puller Claw Lawn Easy Weeder Root Remover Killer Grabber Long Handled Garden Tool,Parkland,https://www.amazon.co.uk/Parkland-Puller-Remover-Grabber-Handled/dp/B07DNGB6GP/ref=sr_1_39?dchild=1&m=A3NV6HLDD76AC2&qid=1586624514&s=merchant-items&sr=1-39,11/04/20 17:02,4.0 out of 5 stars,"3,419 in Garden & Outdoors ",#10 Manual Weeders,26  customer ratings,B07DNGB6GP,https://images-na.ssl-images-amazon.com/images/I/71PY3QH3-1L._AC_SY355_.jpg
A3NV6HLDD76AC2,£12.95,Taylor & Brown® 3 Tier Corner Kitchen Plate Rack Tidy Cupboard Shelf Insert Organiser New (White),Taylor & Brown,https://www.amazon.co.uk/Taylor-Brown%C2%AE-Kitchen-Cupboard-Organiser/dp/B07L6M9G9W/ref=sr_1_38?dchild=1&m=A3NV6HLDD76AC2&qid=1586624514&s=merchant-items&sr=1-38,11/04/20 17:02,3.9 out of 5 stars,"18,265 in Home & Kitchen ",#17 Drawer Organizers #62 Dish Drainers,49  customer ratings,B07L6M9G9W,https://images-na.ssl-images-amazon.com/images/I/71OErig0HSL._AC_SX522_.jpg
A3NV6HLDD76AC2,£17.99,Taylor & Brown® Blue LED Illuminated 1.7L Electric Glass Kettle Cordless Portable Design,Taylor & Brown,https://www.amazon.co.uk/Taylor-Illuminated-Electric-Cordless-Portable/dp/B07RZMGYRV/ref=sr_1_37?dchild=1&m=A3NV6HLDD76AC2&qid=1586624514&s=merchant-items&sr=1-37,11/04/20 17:02,4.0 out of 5 stars,"21,090 in Home & Kitchen ",#117 Electric Kettles,66  customer ratings,B07RZMGYRV,https://images-na.ssl-images-amazon.com/images/I/71-L8hfVRsL._AC_SX466_.jpg
A3NV6HLDD76AC2,£32.99,"Solalite® Solar Powered Door/Fence/Wall/Step Lights Led Outdoor Garden Lighting (Pack of 12, Black)",Solalite,https://www.amazon.co.uk/Solalite%C2%AE-Powered-Lights-Outdoor-Lighting/dp/B00ZV678IA/ref=sr_1_36?dchild=1&m=A3NV6HLDD76AC2&qid=1586624514&s=merchant-items&sr=1-36,11/04/20 17:02,3.5 out of 5 stars,"4,104 in Lighting ",#137 Outdoor Wall Lights,185  customer ratings,B00ZV678IA,https://images-na.ssl-images-amazon.com/images/I/71AI2k0F%2BqL._AC_SX466_.jpg
A3NV6HLDD76AC2,£16.50,Taylor & Brown® 90cm High 5 Tier Chrome Kitchen Pan Stand Pot Saucepan Storage Organiser Unit Rack Holder,Taylor & Brown,https://www.amazon.co.uk/Taylor-Kitchen-Saucepan-Storage-Organiser/dp/B01N5V63HR/ref=sr_1_35?dchild=1&m=A3NV6HLDD76AC2&qid=1586624514&s=merchant-items&sr=1-35,11/04/20 17:02,4.3 out of 5 stars,"28,098 in Home & Kitchen ",#26 Pot & Pan Racks,157  customer ratings,B01N5V63HR,https://images-na.ssl-images-amazon.com/images/I/71AF8-ABaZL._AC_SY450_.jpg
A3NV6HLDD76AC2,£21.90,Sentik® Globe Air Revitaliser Air Purifier and Ioniser with Colour Changing LED Light & FREE 3 x 10ml Fragrances,Sentik,https://www.amazon.co.uk/Sentik%C2%AE-Purifier-Ioniser-Changing-Fragrances/dp/B00BZBWU2E/ref=sr_1_34?dchild=1&m=A3NV6HLDD76AC2&qid=1586624514&s=merchant-items&sr=1-34,11/04/20 17:02,4.4 out of 5 stars,"16,392 in Home & Kitchen ",#33 Air Purifiers,171  customer ratings,B00BZBWU2E,https://images-na.ssl-images-amazon.com/images/I/71YWfa8b3bL._AC_SY450_.jpg
A3NV6HLDD76AC2,£5.99,CostMad Adjustable Flexible Rotating Laptop Holder Stand Base,https://www.amazon.co.uk/CostMad-Adjustable-Flexible-Rotating-Laptop/dp/B003Z6ZU6K/ref=sr_1_49?dchild=1&m=A3NV6HLDD76AC2&qid=1586624544&s=merchant-items&sr=1-49,11/04/20 17:02,3.9 out of 5 stars,"13,595 in Home & Kitchen ",#31 Laptop Computer Stands,348  customer ratings,B003Z6ZU6K,https://images-na.ssl-images-amazon.com/images/I/61GYSz2r1aL._AC_SX425_.jpg,
A3NV6HLDD76AC2,£14.99,Stainless Steel Chrome Wire Frame Free Standing Bathroom Toilet Paper Roll Holder with 3 Rolls Storage by Crystals®,Crystals,https://www.amazon.co.uk/Stainless-Standing-Bathroom-Storage-Crystals/dp/B079JT4NF8/ref=sr_1_64?dchild=1&m=A3NV6HLDD76AC2&qid=1586624544&s=merchant-items&sr=1-64,11/04/20 17:02,4.4 out of 5 stars,"19,202 in DIY & Tools ",#108 Toilet Paper Holders,131  customer ratings,B079JT4NF8,https://images-na.ssl-images-amazon.com/images/I/51rvB3XLlyL._AC_.jpg
A3NV6HLDD76AC2,£14.99,Set of 3 Foldable Fabric Storage Boxes With Lids Storage Cube Organizer Bins With Label Holders and Handles (Grey),Greenfields,https://www.amazon.co.uk/Foldable-Storage-Organizer-Holders-Handles/dp/B07ZL3B3X2/ref=sr_1_62?dchild=1&m=A3NV6HLDD76AC2&qid=1586624544&s=merchant-items&sr=1-62,11/04/20 17:03,"17,408 in Home & Kitchen ",#156 Storage Boxes,Be the first to write a review,B07ZL3B3X2,https://images-na.ssl-images-amazon.com/images/I/712L4AuYiIL._AC_SX466_.jpg,
A3NV6HLDD76AC2,£9.99,Parkland® Solid Brass 2 Way Double Dual Outside Garden Tap Adaptor & Hose Connectors,https://www.amazon.co.uk/Parkland%C2%AE-Double-Outside-Adaptor-Connectors/dp/B0735SSQXL/ref=sr_1_61?dchild=1&m=A3NV6HLDD76AC2&qid=1586624544&s=merchant-items&sr=1-61,11/04/20 17:03,4.3 out of 5 stars,"5,772 in Garden & Outdoors ",#139 Garden Hose Parts & Connectors,40  customer ratings,B0735SSQXL,https://images-na.ssl-images-amazon.com/images/I/81OM1g5kudL._AC_SX679_.jpg,
A3NV6HLDD76AC2,£21.95,"Parkland® Palisade Lawn Edge Plant Border Path Garden Edging Fencing Plastic (1 Set of 8 (2.2m), Grey)",Parkland,https://www.amazon.co.uk/Parkland%C2%AE-Palisade-Border-Fencing-Plastic/dp/B072N3FDCD/ref=sr_1_59?dchild=1&m=A3NV6HLDD76AC2&qid=1586624544&s=merchant-items&sr=1-59,11/04/20 17:03,3.4 out of 5 stars,"5,473 in Garden & Outdoors ",#22 Garden Edging,14  customer ratings,B072N3FDCD,https://images-na.ssl-images-amazon.com/images/I/71FMKh3Np-L._AC_SX466_.jpg
A3NV6HLDD76AC2,£16.99,Taylor & Brown® Slim Slide Out Kitchen Bathroom Trolley Rack Holder Storage Shelf Organiser on Wheels (4 Tier),Taylor & Brown,https://www.amazon.co.uk/Taylor-Kitchen-Bathroom-Trolley-Organiser/dp/B074SX9VQ6/ref=sr_1_58?dchild=1&m=A3NV6HLDD76AC2&qid=1586624544&s=merchant-items&sr=1-58,11/04/20 17:03,4.4 out of 5 stars,"23,460 in Home & Kitchen ",#28 Kitchen Storage Trolleys,121  customer ratings,B074SX9VQ6,https://images-na.ssl-images-amazon.com/images/I/81ZZEhCXwxL._AC_SX679_.jpg
A3NV6HLDD76AC2,£21.99,Parkland® 3 In 1 Outdoor Stylish Garden Hanging Planter with Thermometer & Clock (Black),Parkland,https://www.amazon.co.uk/Parkland-Garden-Planter-Thermometer-Decoration/dp/B07F2P436R/ref=sr_1_57?dchild=1&m=A3NV6HLDD76AC2&qid=1586624544&s=merchant-items&sr=1-57,11/04/20 17:03,4.0 out of 5 stars,"6,186 in Garden & Outdoors ",#4 Outdoor Clocks,6  customer ratings,B07F2P436R,https://images-na.ssl-images-amazon.com/images/I/91YiO13ojDL._AC_SX569_.jpg
A3NV6HLDD76AC2,£34.95,Parkland 15m Complete Garden Hose Pipe Reel Set Reinforced Tough Outdoor Hosepipe Green New,Parkland,https://www.amazon.co.uk/Parkland-Complete-Reinforced-Outdoor-Hosepipe/dp/B01HOXY132/ref=sr_1_56?dchild=1&m=A3NV6HLDD76AC2&qid=1586624544&s=merchant-items&sr=1-56,11/04/20 17:03,3.8 out of 5 stars,"6,395 in Garden & Outdoors ",#327 Watering Hoses & Accessories,13  customer ratings,B01HOXY132,https://images-na.ssl-images-amazon.com/images/I/71Jp4iXpM4L._AC_SX466_.jpg
A3NV6HLDD76AC2,£8.49,Chair Back Support System Sit Right with Elasticated Positioning Strap and Mesh Lumbar Grill Air Flow High Quality Lumbar Support Cushion for Car Seat or Chair Back Rest RRP £19.99,DNY,https://www.amazon.co.uk/Support-Elasticated-Positioning-Quality-Cushion/dp/B01LXQ0RGR/ref=sr_1_55?dchild=1&m=A3NV6HLDD76AC2&qid=1586624544&s=merchant-items&sr=1-55,11/04/20 17:03,4.0 out of 5 stars,"29,956 in Home & Kitchen ",#12 Lumbar Pillows,72  customer ratings,B01LXQ0RGR,https://images-na.ssl-images-amazon.com/images/I/81WFAxze6uL._AC_SX679_.jpg
A3NV6HLDD76AC2,£19.99,10 x COLOUR CHANGING STAINLESS STEEL SOLAR LED GARDEN LIGHTS RECHARGEABLE LAMPS,savingworld,https://www.amazon.co.uk/COLOUR-CHANGING-STAINLESS-GARDEN-RECHARGEABLE/dp/B01GMY5IRM/ref=sr_1_54?dchild=1&m=A3NV6HLDD76AC2&qid=1586624544&s=merchant-items&sr=1-54,11/04/20 17:03,"2,828 in Lighting ",#77 Pathway Lighting,Be the first to write a review,B01GMY5IRM,https://images-na.ssl-images-amazon.com/images/I/81X97EAaLML._AC_SX385_.jpg,
A3NV6HLDD76AC2,£39.99,4 Arm Rotary Airer Dryer Clothes Washing Line Horse 50m,Payless Shop,https://www.amazon.co.uk/Rotary-Airer-Dryer-Clothes-Washing/dp/B008EU9ZX6/ref=sr_1_53?dchild=1&m=A3NV6HLDD76AC2&qid=1586624544&s=merchant-items&sr=1-53,11/04/20 17:03,3.5 out of 5 stars,"40,612 in Home & Kitchen ",#88 Rotary Airers,56  customer ratings,B008EU9ZX6,https://images-na.ssl-images-amazon.com/images/I/81CO7gqepUL._AC_SX466_.jpg
A3NV6HLDD76AC2,£23.95,Parkland® 20 Pack Grey Cobbled Stone Effect Garden Lawn Edging Plant Border - Simply Hammer In,Parkland,https://www.amazon.co.uk/Parkland%C2%AE-Cobbled-Effect-Garden-Edging/dp/B01D8NQ5FO/ref=sr_1_52?dchild=1&m=A3NV6HLDD76AC2&qid=1586624544&s=merchant-items&sr=1-52,11/04/20 17:03,2.7 out of 5 stars,"4,309 in Garden & Outdoors ",#13 Garden Edging,328  customer ratings,B01D8NQ5FO,https://images-na.ssl-images-amazon.com/images/I/81Fhxh1594L._AC_SY355_.jpg
A3NV6HLDD76AC2,£10.99,Top Home Solutions® Chrome Spice Herb Jar Rack Holder for Home Kitchen Door Cupboard Storage or Wall Mountable (3 Tier),Top Home Solutions,https://www.amazon.co.uk/Solutions%C2%AE-Chrome-Spice-Packet-Holder/dp/B013CFIIL2/ref=sr_1_51?dchild=1&m=A3NV6HLDD76AC2&qid=1586624544&s=merchant-items&sr=1-51,11/04/20 17:03,4.3 out of 5 stars,"9,713 in Home & Kitchen ",#19 Spice Racks,83  customer ratings,B013CFIIL2,https://images-na.ssl-images-amazon.com/images/I/71G2%2ByspoRL._AC_SX425_.jpg
A3NV6HLDD76AC2,£9.99,"Sentik® 18 LED A4 Cinematic Light Box Letter Message Board Lightbox with 96 Letters, Symbols & USB Power Supply",Sentik,https://www.amazon.co.uk/Sentik%C2%AE-Cinematic-Message-Lightbox-Letters/dp/B01N55989E/ref=sr_1_50?dchild=1&m=A3NV6HLDD76AC2&qid=1586624544&s=merchant-items&sr=1-50,11/04/20 17:03,4.3 out of 5 stars,"4,638 in Lighting ",#36 Light Signs,20  customer ratings,B01N55989E,https://images-na.ssl-images-amazon.com/images/I/71yFajjLPjL._AC_SX385_.jpg
A3NV6HLDD76AC2,£8.99,Parkland® Rectangular Garden Furniture Table and Chairs Bistro Set Cover - Green Waterproof Cover for Outdoor Furniture - L150cm x W80cm x H90cm,Parkland,https://www.amazon.co.uk/Parkland%C2%AE-Rectangular-Garden-Furniture-Chairs/dp/B07Z5B6FKL/ref=sr_1_65?dchild=1&m=A3NV6HLDD76AC2&qid=1586624575&s=merchant-items&sr=1-65,11/04/20 17:03,4.5 out of 5 stars,"2,154 in Garden & Outdoors ",#5 Garden Table Covers #1 Garden Chair Covers,168  customer ratings,B07Z5B6FKL,https://images-na.ssl-images-amazon.com/images/I/71vqMnrXumL._AC_SY450_.jpg
A3NV6HLDD76AC2,£24.99,"Parkland® Outdoor Garden Umbrella Table Screen Parasol Mosquito Net Cover Bug Netting Cover, Parasol Converter Cover Turn Your Parasol into a Gazebo! (9 ft)",Parkland,https://www.amazon.co.uk/Parkland%C2%AE-Outdoor-Umbrella-Mosquito-Converter/dp/B072J4M2KK/ref=sr_1_80?dchild=1&m=A3NV6HLDD76AC2&qid=1586624575&s=merchant-items&sr=1-80,11/04/20 17:03,4.1 out of 5 stars,"4,768 in Garden & Outdoors ",#92 Garden Parasols,61  customer ratings,B072J4M2KK,https://images-na.ssl-images-amazon.com/images/I/91Qtolx7gSL._AC_SX466_.jpg
A3NV6HLDD76AC2,£39.48,300 x Plastic Balls for Ball Pits Childrens Kids Multi-Coloured Toys Play Pool,Novel Solutions,https://www.amazon.co.uk/Plastic-Balls-Ball-Childrens-Multi-Coloured/dp/B0743CW2ZR/ref=sr_1_79?dchild=1&m=A3NV6HLDD76AC2&qid=1586624575&s=merchant-items&sr=1-79,11/04/20 17:03,4.5 out of 5 stars,"25,210 in Toys & Games ",#55 Kids' Ball Pits & Accessories,48  customer ratings,B0743CW2ZR,https://images-na.ssl-images-amazon.com/images/I/71o7%2BJGeUIL._AC_SX466_.jpg
A3NV6HLDD76AC2,£14.99,Taylor & Brown® Abs Trainer EMS Muscle Stimulator Abdominal Muscle toner Fitness Training Gear ABS Fit Weight Muscle Toning Ab Belts Toning Gym Workout Machine For Men & Women,Taylor & Brown,https://www.amazon.co.uk/Taylor-Trainer-Stimulator-Abdominal-Training/dp/B07YNSWGYW/ref=sr_1_78?dchild=1&m=A3NV6HLDD76AC2&qid=1586624575&s=merchant-items&sr=1-78,11/04/20 17:03,"14,580 in Sports & Outdoors ",#12 Toning Belts #27 Fitness Electric Stimulators,Be the first to write a review,https://images-na.ssl-images-amazon.com/images/I/7110-h4DEHL._AC_SY450_.jpg,,
A3NV6HLDD76AC2,£6.49,Taylor & Brown® Magnetic Flying Insect Magic Door Screen Curtain Mesh (Black),Taylor & Brown,https://www.amazon.co.uk/Taylor-Brown%C2%AE-Magnetic-Flying-Curtain/dp/B00ZPS7IXY/ref=sr_1_77?dchild=1&m=A3NV6HLDD76AC2&qid=1586624575&s=merchant-items&sr=1-77,11/04/20 17:03,3.4 out of 5 stars,"3,944 in DIY & Tools ",#38 Exterior Doors,11  customer ratings,B00ZPS7IXY,https://images-na.ssl-images-amazon.com/images/I/71nAqsYZWEL._AC_SX466_.jpg
A3NV6HLDD76AC2,£11.95,"Taylor & Brown® Jewellery Organiser Holder, Mail & Key Rack, 19 Hook Wall Mounted Storage Shelf - Perfect for Jewellery, Accessories, Beauty Products, Mail, Keys, and Much More! (White)",Taylor & Brown,https://www.amazon.co.uk/Taylor-Jewellery-Organiser-Mounted-Storage/dp/B073ZHVZW7/ref=sr_1_76?dchild=1&m=A3NV6HLDD76AC2&qid=1586624575&s=merchant-items&sr=1-76,11/04/20 17:03,4.6 out of 5 stars,"24,184 in Home & Kitchen ",#7 Wardrobe  Jewellery Organisers,48  customer ratings,B073ZHVZW7,https://images-na.ssl-images-amazon.com/images/I/71y7Ve05cEL._AC_SY450_.jpg
A3NV6HLDD76AC2,£29.95,Prime Paws® 3-Piece Airtight Pet Food Storage Container with Measuring Scoop Plastic Pet Dog Cat Animal Dry Food Dispenser (Red),Prime Paws,https://www.amazon.co.uk/Prime-Airtight-Container-Measuring-Dispenser/dp/B07HFF12YH/ref=sr_1_74?dchild=1&m=A3NV6HLDD76AC2&qid=1586624575&s=merchant-items&sr=1-74,11/04/20 17:03,4.6 out of 5 stars,"16,628 in Pet Supplies ",#69 Food Storage for Dogs,189  customer ratings,B07HFF12YH,https://images-na.ssl-images-amazon.com/images/I/71fua6IUHOL._AC_SX425_.jpg
A3NV6HLDD76AC2,£19.99,GARDEN FENCE PRESSURE SPRAYER. 5 LITRE DECKING TIMBER WOOD STAIN TREATMENTS,Other,https://www.amazon.co.uk/GARDEN-PRESSURE-SPRAYER-DECKING-TREATMENTS/dp/B00K82Z02S/ref=sr_1_73?dchild=1&m=A3NV6HLDD76AC2&qid=1586624575&s=merchant-items&sr=1-73,11/04/20 17:03,2.9 out of 5 stars,"5,786 in DIY & Tools ",#91 Stain,62  customer ratings,B00K82Z02S,https://images-na.ssl-images-amazon.com/images/I/71XnyUeL7YL._AC_SY741_.jpg
A3NV6HLDD76AC2,£14.99,Taylor & Brown® Lightweight Wooden Bamboo Serving Tray with Folding Legs,Taylor & Brown,https://www.amazon.co.uk/Taylor-Brown%C2%AE-Lightweight-Serving-Folding/dp/B01H44T3HU/ref=sr_1_72?dchild=1&m=A3NV6HLDD76AC2&qid=1586624575&s=merchant-items&sr=1-72,11/04/20 17:03,4.4 out of 5 stars,"15,601 in Home & Kitchen ",#19 Serving Platters,31  customer ratings,B01H44T3HU,https://images-na.ssl-images-amazon.com/images/I/71Z7QRNy1VL._AC_SY450_.jpg
A3NV6HLDD76AC2,£13.47,Caraselle Bow Fronted 3 Rail Towel Stand from,Caraselle,https://www.amazon.co.uk/Fronted-Rail-Towel-Stand-Caraselle/dp/B0018Q5GWW/ref=sr_1_71?dchild=1&m=A3NV6HLDD76AC2&qid=1586624575&s=merchant-items&sr=1-71,11/04/20 17:03,3.9 out of 5 stars,"8,661 in DIY & Tools ",#164 Bathroom Hardware,410  customer ratings,B0018Q5GWW,https://images-na.ssl-images-amazon.com/images/I/41%2B2wWD-2XL._AC_SX466_.jpg
A3NV6HLDD76AC2,£11.99,Bond Hardware® 51pc Hose Clamp Set Clamps Jubilee Clips,Bond Hardware,https://www.amazon.co.uk/Hardware%C2%AE-Clamp-Clamps-Jubilee-Clips/dp/B018ISYRS6/ref=sr_1_70?dchild=1&m=A3NV6HLDD76AC2&qid=1586624575&s=merchant-items&sr=1-70,11/04/20 17:03,3.8 out of 5 stars,"8,054 in DIY & Tools ",#14 Pipe Clamps,32  customer ratings,B018ISYRS6,https://images-na.ssl-images-amazon.com/images/I/71v1rMP-vtL._AC_SX569_.jpg
A3NV6HLDD76AC2,£29.99,Rhino Automotive© 3 Bicycle Rear Mount Carrier Car Rack Bike Cycle RW0501,RHINO AUTO,https://www.amazon.co.uk/Rhino-Automotive-Bicycle-Carrier-RW0501/dp/B071ZQ9B1Z/ref=sr_1_68?dchild=1&m=A3NV6HLDD76AC2&qid=1586624575&s=merchant-items&sr=1-68,11/04/20 17:03,4.1 out of 5 stars,862 in Automotive ,#1 Bike Carriers,11  customer ratings,B071ZQ9B1Z,https://images-na.ssl-images-amazon.com/images/I/61DFsrNAQRL._AC_SX425_.jpg
A3NV6HLDD76AC2,£34.99,"SmashingDealsDirect® Weed Burner Wand up to 600 Degree Weeder Tool for Garden, Patio, Driveway Thermal Weeding Tool",Electric Weed Killer,https://www.amazon.co.uk/SmashingDealsDirect%C2%AE-Weed-Driveway-Thermal-Weeding/dp/B07P56SDPT/ref=sr_1_67?dchild=1&m=A3NV6HLDD76AC2&qid=1586624575&s=merchant-items&sr=1-67,11/04/20 17:03,3.9 out of 5 stars,"8,907 in Garden & Outdoors ",#108 Weed Killers,41  customer ratings,B07P56SDPT,https://images-na.ssl-images-amazon.com/images/I/81j1n21-wbL._AC_SX679_.jpg
A3NV6HLDD76AC2,£10.99,Taylor & Brown® Set of 2 Chrome Twin Radiator Indoor Clothes Airer Dryer Towel Rail Rack Stand,Taylor & Brown,https://www.amazon.co.uk/Taylor-Brown%C2%AE-Chrome-Radiator-Clothes/dp/B01N6O885P/ref=sr_1_66?dchild=1&m=A3NV6HLDD76AC2&qid=1586624575&s=merchant-items&sr=1-66,11/04/20 17:03,3.9 out of 5 stars,"17,676 in DIY & Tools ",#39 Towel Rails,117  customer ratings,B01N6O885P,https://images-na.ssl-images-amazon.com/images/I/715qPS3KkxL._AC_SY450_.jpg
A3NV6HLDD76AC2,£19.99,Taylor & Brown® Baby Toddler Ladder Step Potty Training Toilet Seat/Potty Train Ladder Toilet seat/Foldable Toilet Training Ladder Space Saving/Gripper Handles for Stability and Confidence (Pink),Taylor & Brown,https://www.amazon.co.uk/Taylor-Brown-Training-Stability-Confidence/dp/B07H37KXHC/ref=sr_1_81?dchild=1&m=A3NV6HLDD76AC2&qid=1586624607&s=merchant-items&sr=1-81,11/04/20 17:03,4.4 out of 5 stars,"6,722 in Baby Products ",#368 Potty Training & Step Stools,76  customer ratings,B07H37KXHC,https://images-na.ssl-images-amazon.com/images/I/71LYC0Xx0bL._AC_SY450_.jpg
A3NV6HLDD76AC2,£9.99,"Taylor & Brown® Clear Crystal Effect Plastic Highball Whiskey Wine Champagne Flute Glasses Drinks Cups Reusable (6, Wine)",Taylor & Brown,https://www.amazon.co.uk/Taylor-Crystal-Highball-Champagne-Reusable/dp/B07KKPFSFL/ref=sr_1_96?dchild=1&m=A3NV6HLDD76AC2&qid=1586624607&s=merchant-items&sr=1-96,11/04/20 17:04,4.5 out of 5 stars,"15,695 in Home & Kitchen ",#8 Highball Glasses,63  customer ratings,B07KKPFSFL,https://images-na.ssl-images-amazon.com/images/I/71-F%2Bwm7ZKL._AC_SX466_.jpg
A3NV6HLDD76AC2,£5.78,Fifth Gear® Car Jerry Can Spout Nozzle Filter Flexible Tip Oil Petrol Fuel Funnel Metal,Fifth Gear,https://www.amazon.co.uk/Fifth-Nozzle-Filter-Flexible-Petrol/dp/B01N3AN7NS/ref=sr_1_95?dchild=1&m=A3NV6HLDD76AC2&qid=1586624607&s=merchant-items&sr=1-95,11/04/20 17:04,3.3 out of 5 stars,"1,742 in Automotive ",#5 Funnels (Automotive),64  customer ratings,B01N3AN7NS,https://images-na.ssl-images-amazon.com/images/I/51YDGQ0CQYL._AC_SX679_.jpg
A3NV6HLDD76AC2,£8.99,"Sentik® Night Lights for Children Night Light Projector, Rotation Night Projection Lamp for Kids Children Bedroom Bed Christmas (Pink)",Sentik,https://www.amazon.co.uk/Children-Projector-Rotation-Projection-Christmas/dp/B01MRAIB33/ref=sr_1_94?dchild=1&m=A3NV6HLDD76AC2&qid=1586624607&s=merchant-items&sr=1-94,11/04/20 17:04,3.7 out of 5 stars,"7,450 in Lighting ",#311 Children's Lighting,53  customer ratings,B01MRAIB33,https://images-na.ssl-images-amazon.com/images/I/71L3qMcj6bL._AC_SY450_.jpg
A3NV6HLDD76AC2,£10.99,Parkland® Terracotta Cobbled Stone Effect Garden Lawn Edging Plant Border - Simply Hammer In (Pack of 10),Parkland,https://www.amazon.co.uk/Parkland-Terracotta-Cobbled-Effect-Garden/dp/B01D1WBD5Y/ref=sr_1_93?dchild=1&m=A3NV6HLDD76AC2&qid=1586624607&s=merchant-items&sr=1-93,11/04/20 17:04,3.8 out of 5 stars,"6,207 in Garden & Outdoors ",#26 Garden Edging,14  customer ratings,B01D1WBD5Y,https://images-na.ssl-images-amazon.com/images/I/919WZ8ny%2BOL._AC_SX522_.jpg
A3NV6HLDD76AC2,£38.95,Children Kids Wooden Kitchen Pretend Play Set Toys Cooker Cooking Chef Gift Xmas,Pacago,https://www.amazon.co.uk/Children-Wooden-Kitchen-Pretend-Cooking/dp/B08243MVMX/ref=sr_1_92?dchild=1&m=A3NV6HLDD76AC2&qid=1586624607&s=merchant-items&sr=1-92,11/04/20 17:04,4.8 out of 5 stars,"14,279 in Garden & Outdoors ",#1008 Outdoor Cooking (Garden & Outdoors),5  customer ratings,B08243MVMX,https://images-na.ssl-images-amazon.com/images/I/61vMCtpv9xL._AC_SY355_.jpg
A3NV6HLDD76AC2,£16.99,Parkland® Shabby Chic Style Birdcage Garden Clock - Wall Mountable Black Metal Bird Cage With Vintage Victorian Station Effect Clock Face - Ideal For Indoor And Outdoor Use,Parkland,https://www.amazon.co.uk/Parkland-Shabby-Style-Birdcage-Garden/dp/B07DG7RN3L/ref=sr_1_91?dchild=1&m=A3NV6HLDD76AC2&qid=1586624607&s=merchant-items&sr=1-91,11/04/20 17:04,3.9 out of 5 stars,"6,720 in Garden & Outdoors ",#5 Outdoor Clocks,16  customer ratings,B07DG7RN3L,https://images-na.ssl-images-amazon.com/images/I/91xd01SVXNL._AC_SX522_.jpg
A3NV6HLDD76AC2,£129.99,Parkland® 3 Piece Textoline Reclining Garden Chair Beach Sun Lounger Recliner Chairs and Folding Table with Cup Holder,Parkland,https://www.amazon.co.uk/Parkland%C2%AE-Textoline-Reclining-Lounger-Recliner/dp/B07T3FMZ3B/ref=sr_1_90?dchild=1&m=A3NV6HLDD76AC2&qid=1586624607&s=merchant-items&sr=1-90,11/04/20 17:04,"5,735 in Garden & Outdoors ",#60 Garden Furniture Sets,Be the first to write a review,B07T3FMZ3B,https://images-na.ssl-images-amazon.com/images/I/714VDDEYxtL._AC_SX679_.jpg,
A3NV6HLDD76AC2,£21.99,Taylor & Brown® 3 Tier Deluxe Concertina Indoor Clothes Airer Towel Laundry Dryer - 15m of Drying Space,Taylor & Brown,https://www.amazon.co.uk/Taylor-Brown%C2%AE-Concertina-Clothes-Laundry/dp/B084Q6ZNZS/ref=sr_1_89?dchild=1&m=A3NV6HLDD76AC2&qid=1586624607&s=merchant-items&sr=1-89,11/04/20 17:04,5.0 out of 5 stars,"49,088 in Home & Kitchen ",#128 Clothes Drying Racks,1 customer rating,B084Q6ZNZS,https://images-na.ssl-images-amazon.com/images/I/61BOAV3-4OL._AC_SX679_.jpg
A3NV6HLDD76AC2,£9.99,Taylor & Brown® 3 Tier Chrome Over Door Hanging Kitchen Bathroom Storage Rack Shelves,Taylor & Brown,https://www.amazon.co.uk/Hanging-Kitchen-Bathroom-Storage-Shelves/dp/B075MCVGP2/ref=sr_1_88?dchild=1&m=A3NV6HLDD76AC2&qid=1586624607&s=merchant-items&sr=1-88,11/04/20 17:04,4.1 out of 5 stars,"16,210 in DIY & Tools ",#20 Over Door Hooks,26  customer ratings,B075MCVGP2,https://images-na.ssl-images-amazon.com/images/I/61zchCT%2BB-L._AC_SY450_.jpg
A3NV6HLDD76AC2,£9.99,CONTOUR MEMORY FOAM LEG PILLOW ORTHOPAEDIC FIRM BACK HIPS & KNEE SUPPORT + COVER,Top Home Solutions,https://www.amazon.co.uk/CONTOUR-MEMORY-PILLOW-ORTHOPAEDIC-SUPPORT/dp/B00NY4IB14/ref=sr_1_87?dchild=1&m=A3NV6HLDD76AC2&qid=1586624607&s=merchant-items&sr=1-87,11/04/20 17:04,4.2 out of 5 stars,"67,875 in Home & Kitchen ",#38 Leg Positioner Pillows,267  customer ratings,B00NY4IB14,https://images-na.ssl-images-amazon.com/images/I/71FTdvetfxL._AC_SX425_.jpg
A3NV6HLDD76AC2,£9.99,Top Home Solutions Pack of 2 Large Foldable Square Canvas Cube Storage Box Collapsible Fabric Cubes Kids Bedroom Office (Blue),Top Home Solutions,https://www.amazon.co.uk/Top-Home-Solutions-Foldable-Collapsible/dp/B01M00YB3Q/ref=sr_1_85?dchild=1&m=A3NV6HLDD76AC2&qid=1586624607&s=merchant-items&sr=1-85,11/04/20 17:04,4.6 out of 5 stars,"11,214 in Home & Kitchen ",#90 Storage Boxes,142  customer ratings,B01M00YB3Q,https://images-na.ssl-images-amazon.com/images/I/71OaStL0Y2L._AC_SX466_.jpg
A3NV6HLDD76AC2,£8.99,PonZE 50X Moth Balls 200G Repeller Deterrent Drawers Wardrobe Kills Moth Eggs & Larvae,PonZE Home Series,https://www.amazon.co.uk/PonZE-Repeller-Deterrent-Drawers-Wardrobe/dp/B01L76RB1G/ref=sr_1_84?dchild=1&m=A3NV6HLDD76AC2&qid=1586624607&s=merchant-items&sr=1-84,11/04/20 17:04,4.2 out of 5 stars,"18,148 in Garden & Outdoors ",#134 Moth Protection,90  customer ratings,B01L76RB1G,https://images-na.ssl-images-amazon.com/images/I/61rRELxxO8L._AC_SX679_.jpg
A3NV6HLDD76AC2,£17.99,Trendi® Dolce Gusto Coffee Pod Holder - 36 Capsules Stackable Stand - Anti Vibration Non Slip Surface - Mesh Drawer Rack,Trendi,https://www.amazon.co.uk/Trendi%C2%AE-Dolce-Gusto-Coffee-Holder/dp/B072K6QV4Y/ref=sr_1_83?dchild=1&m=A3NV6HLDD76AC2&qid=1586624607&s=merchant-items&sr=1-83,11/04/20 17:04,4.0 out of 5 stars,"54,120 in Home & Kitchen ",#62 Coffee Capsule Holders,35  customer ratings,B072K6QV4Y,https://images-na.ssl-images-amazon.com/images/I/71D4KvMiWGL._AC_SX466_.jpg
A3NV6HLDD76AC2,£16.95,BARGAINS-GALORE 4PC BRICK EFFECT GARDEN EDGING BORDER PATH DRIVEWAY GRASS PATIO PLASTIC SET,BARGAINS-GALORE,https://www.amazon.co.uk/BARGAINS-GALORE-EFFECT-GARDEN-DRIVEWAY-PLASTIC/dp/B07D9JLKJM/ref=sr_1_82?dchild=1&m=A3NV6HLDD76AC2&qid=1586624607&s=merchant-items&sr=1-82,11/04/20 17:04,3.8 out of 5 stars,"14,366 in Garden & Outdoors ",#71 Garden Edging,18  customer ratings,B07D9JLKJM,https://images-na.ssl-images-amazon.com/images/I/61zH5XumSuL._AC_.jpg
A3NV6HLDD76AC2,£13.99,16oz 500ml Large Beer Tin Can Crusher Wall Mounted Recycling Tool Bottle Opener,taylor and brown,https://www.amazon.co.uk/Crusher-Mounted-Recycling-Bottle-Opener/dp/B07JLW7ZCM/ref=sr_1_97?dchild=1&m=A3NV6HLDD76AC2&qid=1586624638&s=merchant-items&sr=1-97,11/04/20 17:04,4.0 out of 5 stars,"44,267 in Home & Kitchen ",#88 Bottle Openers (Home & Kitchen),3  customer ratings,B07JLW7ZCM,https://images-na.ssl-images-amazon.com/images/I/61NUi1wxMdL._AC_SX466_.jpg
A3NV6HLDD76AC2,£9.99,Taylor & Brown® 10pc Stackable Nesting Food Storage Containers Coloured Lid Plastic Lunch Boxes,Taylor & Brown,https://www.amazon.co.uk/Taylor-Stackable-Nesting-Containers-Coloured/dp/B07K6X2V3F/ref=sr_1_112?dchild=1&m=A3NV6HLDD76AC2&qid=1586624638&s=merchant-items&sr=1-112,11/04/20 17:04,4.0 out of 5 stars,"35,855 in Home & Kitchen ",#530 Food Containers,33  customer ratings,B07K6X2V3F,https://images-na.ssl-images-amazon.com/images/I/71tohcc6%2BbL._AC_SX569_.jpg
A3NV6HLDD76AC2,£29.99,"5 in 1 deluxe wooden compendium of games, Table games set. Billiard table, football table, table tennis, chess and backgammon set",Jesters,https://www.amazon.co.uk/deluxe-compendium-Billiard-football-backgammon/dp/B00F6FD9L6/ref=sr_1_111?dchild=1&m=A3NV6HLDD76AC2&qid=1586624638&s=merchant-items&sr=1-111,11/04/20 17:04,4.4 out of 5 stars,"9,951 in Toys & Games ",#1082 Games & Game Accessories,44  customer ratings,B00F6FD9L6,https://images-na.ssl-images-amazon.com/images/I/51rs2F8HEbL._AC_SX466_.jpg
A3NV6HLDD76AC2,£9.99,"Taylor & Brown® Magical Defrost Tray Thaw Frozen Food in Minutes. No Electricity, No Chemicals, No Microwave",Taylor & Brown,https://www.amazon.co.uk/Magical-Minutes-Electricity-Chemicals-Microwave/dp/B075ZZH39N/ref=sr_1_110?dchild=1&m=A3NV6HLDD76AC2&qid=1586624638&s=merchant-items&sr=1-110,11/04/20 17:04,4.2 out of 5 stars,"32,481 in Home & Kitchen ",#4165 Kitchen Tools & Gadgets #3 Chafing Dishes & Food Warmers,44  customer ratings,B075ZZH39N,https://images-na.ssl-images-amazon.com/images/I/711iEHp9eOL._AC_SX425_.jpg
A3NV6HLDD76AC2,£5.99,Taylor & Brown® Set of 2 Latte Glasses Tea Coffee Cappuccino Glass Cups Hot Drink Mugs - 240ml,Taylor & Brown,https://www.amazon.co.uk/Taylor-Brown%C2%AE-Glasses-Coffee-Cappuccino/dp/B00ULBME16/ref=sr_1_109?dchild=1&m=A3NV6HLDD76AC2&qid=1586624638&s=merchant-items&sr=1-109,11/04/20 17:04,3.9 out of 5 stars,"32,564 in Home & Kitchen ","#364 Cups, Mugs & Saucers #27 Tea and Coffee Glasses",25  customer ratings,B00ULBME16,https://images-na.ssl-images-amazon.com/images/I/61ZfMGk0glL._AC_SY355_.jpg
A3NV6HLDD76AC2,£8.99,"Fifth Gear Set of 5 Car Detailing Brush Set, Automotive Interior & Exterior Detail Brushes for Cleaning Wheels, Interior, Exterior, Leather, Air Vents, Emblems",Fifth Gear,https://www.amazon.co.uk/Fifth-Gear-Detailing-Automotive-Interior/dp/B081QN8CDJ/ref=sr_1_107?dchild=1&m=A3NV6HLDD76AC2&qid=1586624638&s=merchant-items&sr=1-107,11/04/20 17:04,"2,020 in Automotive ",#53 Brushes & Dusters,Be the first to write a review,B081QN8CDJ,https://images-na.ssl-images-amazon.com/images/I/61LGBc6hfEL._AC_SX679_.jpg,
A3NV6HLDD76AC2,£7.95,"Taylor & Brown® Free Standing Small Platform Shaving/Make Up Mirror, 6 Inch 2x Magnification, Two-Sided Mirror Chrome finish Cosmetic Mirror, Stand Table Mirror, for Home and Travel",Taylor & Brown,https://www.amazon.co.uk/Taylor-Standing-Platform-Magnification-Two-Sided/dp/B07YSTLCKS/ref=sr_1_106?dchild=1&m=A3NV6HLDD76AC2&qid=1586624638&s=merchant-items&sr=1-106,11/04/20 17:04,4.4 out of 5 stars,"81,930 in Home & Kitchen ",#85 Tabletop Mirrors,7  customer ratings,B07YSTLCKS,https://images-na.ssl-images-amazon.com/images/I/61JScz0KfBL._AC_SX569_.jpg
A3NV6HLDD76AC2,£4.99,Prime Paws® 500ml Portable Outdoor Pet Dog Cat Drinking Bottle Mug Cup Travel Water Bowl Puppy (Blue),Prime Paws,https://www.amazon.co.uk/Prime-Portable-Outdoor-Drinking-Bottle/dp/B07L9B3XNZ/ref=sr_1_104?dchild=1&m=A3NV6HLDD76AC2&qid=1586624638&s=merchant-items&sr=1-104,11/04/20 17:04,4.0 out of 5 stars,"6,283 in Pet Supplies ",#31 Water Bottles for Dogs,11  customer ratings,B07L9B3XNZ,https://images-na.ssl-images-amazon.com/images/I/61sT12k-aNL._AC_SY450_.jpg
A3NV6HLDD76AC2,£29.99,Taylor & Brown® 3 Tier Kitchen Storage Trolleys Removable Storage Tower Rack Bathroom Shelf With Wheels Slim Rolling Storage Rack Trolley Beauty Salon Cart Storage Detachable Catering Serving Trolley,Taylor & Brown,https://www.amazon.co.uk/Taylor-Trolleys-Removable-Bathroom-Detachable/dp/B084HLR3RZ/ref=sr_1_103?dchild=1&m=A3NV6HLDD76AC2&qid=1586624638&s=merchant-items&sr=1-103,11/04/20 17:04,5.0 out of 5 stars,"22,578 in Home & Kitchen ",#26 Kitchen Storage Trolleys,5  customer ratings,B084HLR3RZ,https://images-na.ssl-images-amazon.com/images/I/61ulSqPEkpL._AC_SX466_.jpg
A3NV6HLDD76AC2,£14.99,Taylor & Brown® Magnifying Wall Mounted Makeup Mirror Extending Shaving Cosmetic Mirror Double Sided Bathroom Swivel Vanity Mirror,Taylor & Brown,https://www.amazon.co.uk/Taylor-Magnifying-Extending-Cosmetic-Bathroom/dp/B01IBVHOKS/ref=sr_1_102?dchild=1&m=A3NV6HLDD76AC2&qid=1586624638&s=merchant-items&sr=1-102,11/04/20 17:04,4.3 out of 5 stars,"31,521 in Home & Kitchen ",#14 Wall-Mounted Vanity Mirrors #8 Shaving Mirrors,31  customer ratings,B01IBVHOKS,https://images-na.ssl-images-amazon.com/images/I/61DMHjtR80L._AC_SY450_.jpg
A3NV6HLDD76AC2,£14.99,Single 100pcs/200pcs Play Balls Colorful Ball Fun Ball Soft Plastic Ocean Ball Baby Kid Toy Swim Pit Toy (100pcs play balls),Single,https://www.amazon.co.uk/Single-100pcs-200pcs-Colorful-Plastic/dp/B01HO7817K/ref=sr_1_101?dchild=1&m=A3NV6HLDD76AC2&qid=1586624638&s=merchant-items&sr=1-101,11/04/20 17:04,4.5 out of 5 stars,"54,305 in Toys & Games ",#115 Kids' Ball Pits & Accessories,67  customer ratings,B01HO7817K,https://images-na.ssl-images-amazon.com/images/I/716Re7wshDL._AC_SY450_.jpg
A3NV6HLDD76AC2,£39.99,Sentik® Professional Espresso Cappuccino Coffee Maker Machine Home - Office (Red),Sentik,https://www.amazon.co.uk/Sentik%C2%AE-Professional-Espresso-Cappuccino-Machine/dp/B00U2H7SHY/ref=sr_1_100?dchild=1&m=A3NV6HLDD76AC2&qid=1586624638&s=merchant-items&sr=1-100,11/04/20 17:04,3.7 out of 5 stars,"17,443 in Home & Kitchen ",#4 Bean-to-Cup Coffee Machines #12 Espresso & Cappuccino Machines,190  customer ratings,B00U2H7SHY,https://images-na.ssl-images-amazon.com/images/I/81tGNLPfcZL._AC_SX466_.jpg
A3NV6HLDD76AC2,£24.70,Taylor & Brown® Free Standing Chrome 3 Bar Towel Rail Rack Holder,Taylor & Brown,https://www.amazon.co.uk/Taylor-Brown%C2%AE-Standing-Chrome-Holder/dp/B00C2RH7X2/ref=sr_1_99?dchild=1&m=A3NV6HLDD76AC2&qid=1586624638&s=merchant-items&sr=1-99,11/04/20 17:04,4.4 out of 5 stars,"7,929 in DIY & Tools ",#9 Towel Rails,160  customer ratings,B00C2RH7X2,https://images-na.ssl-images-amazon.com/images/I/71QOivjp3JL._AC_SY450_.jpg
A3NV6HLDD76AC2,£11.99,Bond Hardware® 51pc Hose Clamp Set Clamps Jubilee Clips,Bond Hardware,https://www.amazon.co.uk/Hardware%C2%AE-Clamp-Clamps-Jubilee-Clips/dp/B018ISYRS6/ref=sr_1_98?dchild=1&m=A3NV6HLDD76AC2&qid=1586624638&s=merchant-items&sr=1-98,11/04/20 17:04,3.8 out of 5 stars,"8,054 in DIY & Tools ",#14 Pipe Clamps,32  customer ratings,B018ISYRS6,https://images-na.ssl-images-amazon.com/images/I/71v1rMP-vtL._AC_SX569_.jpg
A3NV6HLDD76AC2,£20.99,Top Home Solutions Multi Portable Folding Standing Tier Garment Clothes Shirt Hanger Dryer Airer,Top Home Solutions,https://www.amazon.co.uk/Top-Home-Solutions-Portable-Standing/dp/B01CIACGOM/ref=sr_1_128?dchild=1&m=A3NV6HLDD76AC2&qid=1586624667&s=merchant-items&sr=1-128,11/04/20 17:05,4.0 out of 5 stars,"54,617 in Home & Kitchen ",#137 Clothes Drying Racks #175 Garden Chairs,138  customer ratings,B01CIACGOM,https://images-na.ssl-images-amazon.com/images/I/619PKPtaTuL._AC_SX466_.jpg
A3NV6HLDD76AC2,£22.99,"Acupressure Mat Set - Acupuncture Mat and Acupuncture Pillow for Relaxation and Pain Relief - Massage Mat, Acupressure Cushion, Washable Cover and Travel Bag (Black)",Taylor & Brown,https://www.amazon.co.uk/Acupressure-Mat-Set-Acupuncture-Relaxation/dp/B081Y5DDGX/ref=sr_1_127?dchild=1&m=A3NV6HLDD76AC2&qid=1586624667&s=merchant-items&sr=1-127,11/04/20 17:05,4.7 out of 5 stars,"33,854 in Health & Personal Care ",#71 Acupressure (Health & Personal Care),15  customer ratings,B081Y5DDGX,https://images-na.ssl-images-amazon.com/images/I/815qP6kUQzL._AC_SX425_.jpg
A3NV6HLDD76AC2,£14.99,Single 100pcs/200pcs Play Balls Colorful Ball Fun Ball Soft Plastic Ocean Ball Baby Kid Toy Swim Pit Toy (100pcs play balls),Single,https://www.amazon.co.uk/Single-100pcs-200pcs-Colorful-Plastic/dp/B01HO7817K/ref=sr_1_126?dchild=1&m=A3NV6HLDD76AC2&qid=1586624667&s=merchant-items&sr=1-126,11/04/20 17:05,4.5 out of 5 stars,"54,305 in Toys & Games ",#115 Kids' Ball Pits & Accessories,67  customer ratings,B01HO7817K,https://images-na.ssl-images-amazon.com/images/I/716Re7wshDL._AC_SY450_.jpg
A3NV6HLDD76AC2,£7.99,Top Home Solutions Durable Non Slip Multi Purpose Mat Rug Gripper Floor Underlay Grip Dash 100 x 150cm (Black),Top Home Solutions,https://www.amazon.co.uk/Top-Home-Solutions-Durable-Underlay/dp/B01HOVOJP4/ref=sr_1_124?dchild=1&m=A3NV6HLDD76AC2&qid=1586624667&s=merchant-items&sr=1-124,11/04/20 17:05,4.0 out of 5 stars,"43,824 in Home & Kitchen ",#30 Rug Pads,144  customer ratings,B01HOVOJP4,https://images-na.ssl-images-amazon.com/images/I/91exEaCUtEL._AC_SX569_.jpg
A3NV6HLDD76AC2,£14.90,Sentik® 5 Litre Glass Fish Bowl LED Light Aquarium Goldfish Betta Tank Accessories (Black),Sentik,https://www.amazon.co.uk/Sentik%C2%AE-Litre-Glass-Fish-Black/dp/B00OM08CYU/ref=sr_1_123?dchild=1&m=A3NV6HLDD76AC2&qid=1586624667&s=merchant-items&sr=1-123,11/04/20 17:05,3.7 out of 5 stars,"19,092 in Pet Supplies ",#6 Fish Bowls,148  customer ratings,B00OM08CYU,https://images-na.ssl-images-amazon.com/images/I/71%2BREF4XcLL._AC_SX569_.jpg
A3NV6HLDD76AC2,£7.90,210 PC DELUXE SEWING KIT SET WITH STORAGE CADDY BOX THREAD NEEDLES PINS BUTTONS,Sentik,https://www.amazon.co.uk/DELUXE-SEWING-STORAGE-NEEDLES-BUTTONS/dp/B01MQHRW9D/ref=sr_1_121?dchild=1&m=A3NV6HLDD76AC2&qid=1586624667&s=merchant-items&sr=1-121,11/04/20 17:05,4.2 out of 5 stars,"74,305 in Home & Kitchen ",#149 Sewing Sets & Kits,53  customer ratings,B01MQHRW9D,https://images-na.ssl-images-amazon.com/images/I/41157ws0tdL._AC_.jpg
A3NV6HLDD76AC2,£17.99,Solalite® 28cm Dual Function Solar Powered Topiary Garden Ball Sphere 20 Led Lights (1 Red),Solalite,https://www.amazon.co.uk/Solalite%C2%AE-Function-Powered-Topiary-Garden/dp/B00K7DAYXI/ref=sr_1_119?dchild=1&m=A3NV6HLDD76AC2&qid=1586624667&s=merchant-items&sr=1-119,11/04/20 17:05,3.8 out of 5 stars,697 in Lighting ,#35 Decorative Artificial Flowers #124 Outdoor Lighting,284  customer ratings,B00K7DAYXI,https://images-na.ssl-images-amazon.com/images/I/81PLVyWAokL._AC_SX342_.jpg
A3NV6HLDD76AC2,£14.99,"Taylor & Brown® Orthopedic Gel Seating Cushion — Ergonomic Memory Foam Coccyx Cushion for Lower Back, Tailbone and Sciatica Relief - Portable Seat Pad for Office, Home, Car, Wheelchair",Taylor & Brown,https://www.amazon.co.uk/Taylor-Brown%C2%AE-Orthopedic-Seating-Cushion/dp/B07YZN8QX4/ref=sr_1_116?dchild=1&m=A3NV6HLDD76AC2&qid=1586624667&s=merchant-items&sr=1-116,11/04/20 17:05,2.5 out of 5 stars,"92,079 in Home & Kitchen ",#122 Back & Seat Cushions,2  customer ratings,B07YZN8QX4,https://images-na.ssl-images-amazon.com/images/I/710JCZGY0tL._AC_SX569_.jpg
A3NV6HLDD76AC2,£18.99,Bond Hardware® 400W Black Aluminium Halogen Floodlight Security Light with PIR Motion Sensor - 12m Range with 180 Degree Adjustable Detection Angle and Sensitivity Settings,Bond Hardware,https://www.amazon.co.uk/Bond-Hardware%C2%AE-Aluminium-Floodlight-Security/dp/B01H1VRI82/ref=sr_1_115?dchild=1&m=A3NV6HLDD76AC2&qid=1586624667&s=merchant-items&sr=1-115,11/04/20 17:05,4.0 out of 5 stars,"3,347 in Lighting ",#77 Flood & Spot Lighting,70  customer ratings,B01H1VRI82,https://images-na.ssl-images-amazon.com/images/I/71zTV8oVErL._AC_SY450_.jpg
A3NV6HLDD76AC2,£9.60,Taylor & Brown Bath Shower Anti Slip Safety Mat Durable Anti Slip PVC Bath Bathtub Mat,Taylor & Brown,https://www.amazon.co.uk/Bath-Shower-Safety-Durable-Bathtub/dp/B077RX8F2H/ref=sr_1_114?dchild=1&m=A3NV6HLDD76AC2&qid=1586624667&s=merchant-items&sr=1-114,11/04/20 17:05,4.2 out of 5 stars,"39,545 in Home & Kitchen ",#130 Bath Mats,69  customer ratings,B077RX8F2H,https://images-na.ssl-images-amazon.com/images/I/811PXSsn0zL._AC_SX425_.jpg
A3NV6HLDD76AC2,£7.99,NEW BAMBOO WOODEN 5 PIECE KITCHEN UTENSIL SPATULA SET COOKING SALAD SPOONS,BAKAJI,https://www.amazon.co.uk/BAMBOO-KITCHEN-UTENSIL-SPATULA-COOKING/dp/B00NO4TLJK/ref=sr_1_129?dchild=1&m=A3NV6HLDD76AC2&qid=1586624699&s=merchant-items&sr=1-129,11/04/20 17:05,4.3 out of 5 stars,"27,140 in Home & Kitchen ",#39 Cooking Spoons,20  customer ratings,B00NO4TLJK,https://images-na.ssl-images-amazon.com/images/I/51FT0Cg-5mL._AC_SX466_.jpg
A3NV6HLDD76AC2,£16.99,"Taylor & Brown® 4 Pair Boot Storage Rack, Ideal For Walking Boots, Wellies, Riding Boots And Fashion Boots",Taylor & Brown,https://www.amazon.co.uk/Taylor-Storage-Walking-Wellies-Fashion/dp/B084HGDRMS/ref=sr_1_144?dchild=1&m=A3NV6HLDD76AC2&qid=1586624699&s=merchant-items&sr=1-144,11/04/20 17:05,4.2 out of 5 stars,"33,707 in Home & Kitchen ",#152 Shoe Racks,53  customer ratings,B084HGDRMS,https://images-na.ssl-images-amazon.com/images/I/71fCJGAobUL._AC_SX679_.jpg
A3NV6HLDD76AC2,£22.99,Sentik® Children's Toy Wooden Doll House With Furniture & Figures People Kids Fun,Sentik,https://www.amazon.co.uk/Sentik%C2%AE-Childrens-Wooden-Furniture-Figures/dp/B01MT904Q7/ref=sr_1_143?dchild=1&m=A3NV6HLDD76AC2&qid=1586624699&s=merchant-items&sr=1-143,11/04/20 17:05,4.2 out of 5 stars,"31,685 in Toys & Games ",#49 Doll Houses #2627 Kids' Play Figures,42  customer ratings,B01MT904Q7,https://images-na.ssl-images-amazon.com/images/I/71NuizMBZWL._AC_SY450_.jpg
A3NV6HLDD76AC2,£8.99,"Black Large Peg Bag, Durable Premium Clothes Peg Bag Waterproof Clothes Pin Bags with Hanger Clips Resistant Clothes Bag for Indoor and Outdoor Use",Taylor & Brown,https://www.amazon.co.uk/Durable-Premium-Clothes-Waterproof-Resistant/dp/B083SQ2143/ref=sr_1_142?dchild=1&m=A3NV6HLDD76AC2&qid=1586624699&s=merchant-items&sr=1-142,11/04/20 17:05,"20,354 in Home & Kitchen ",#29 Peg Bags,Be the first to write a review,B083SQ2143,https://images-na.ssl-images-amazon.com/images/I/61xSpfwJmNL._AC_SY355_.jpg,
A3NV6HLDD76AC2,£9.99,Parkland® Wooden Garden Indoor Outdoor Quoits Family Pegs And Rope Hoopla Game,Parkland,https://www.amazon.co.uk/Parkland%C2%AE-Wooden-Garden-Indoor-Outdoor/dp/B00VV7VEEW/ref=sr_1_141?dchild=1&m=A3NV6HLDD76AC2&qid=1586624699&s=merchant-items&sr=1-141,11/04/20 17:05,3.5 out of 5 stars,"18,985 in Toys & Games ",#17 Floor Games #2676 Sports Toys & Outdoor,22  customer ratings,B00VV7VEEW,https://images-na.ssl-images-amazon.com/images/I/71i6GUxHmlL._AC_SX425_.jpg
A3NV6HLDD76AC2,£17.99,Taylor & Brown® Chrome Swinging Fruit Hammock Vegetable Bowl Basket Rack Storage Stand Holder New (3 Tier),Taylor & Brown,https://www.amazon.co.uk/Taylor-Swinging-Hammock-Vegetable-Storage/dp/B072LQY2ZM/ref=sr_1_140?dchild=1&m=A3NV6HLDD76AC2&qid=1586624699&s=merchant-items&sr=1-140,11/04/20 17:05,4.4 out of 5 stars,"18,853 in Home & Kitchen ",#12 Fruit Bowls,48  customer ratings,B072LQY2ZM,https://images-na.ssl-images-amazon.com/images/I/71PU5uoWWFL._AC_SX679_.jpg
A3NV6HLDD76AC2,£6.99,5 Microwave Covers Ventilated Food Plate Vented Splatter Guard Cover 115-225mm,Top Home Solutions,https://www.amazon.co.uk/Top-Home-Solutions%C2%AE-Ventilated-Microwave/dp/B00NY4N2G8/ref=sr_1_139?dchild=1&m=A3NV6HLDD76AC2&qid=1586624699&s=merchant-items&sr=1-139,11/04/20 17:05,4.2 out of 5 stars,"41,382 in Home & Kitchen ",#56 Microwave Accessories,85  customer ratings,B00NY4N2G8,https://images-na.ssl-images-amazon.com/images/I/71BkTQzeZmL._AC_SX679_.jpg
A3NV6HLDD76AC2,£8.85,"Parkland® Solid Brass 2-Way Double Outside Garden Tap Adaptor 3/4"" Watering Flowering Gardening Multi-purpose",Parkland,https://www.amazon.co.uk/Parkland-Watering-Flowering-Gardening-Multi-purpose/dp/B01HILI9Y2/ref=sr_1_138?dchild=1&m=A3NV6HLDD76AC2&qid=1586624699&s=merchant-items&sr=1-138,11/04/20 17:05,4.2 out of 5 stars,"16,146 in Garden & Outdoors ",#526 Travel Accessories #1172 Lawn & Garden Watering Equipment #142 Water Pumps & Accessories,36  customer ratings,B01HILI9Y2,https://images-na.ssl-images-amazon.com/images/I/71ueOIurxhL._AC_SX425_.jpg
A3NV6HLDD76AC2,£19.99,Top Home Solutions 6 Pack Large Foldable Square Canvas Cube Storage Box Collapsible Fabric Cubes Kids Bedroom Office (Blue),Top Home Solutions,https://www.amazon.co.uk/Top-Home-Solutions-Foldable-Collapsible/dp/B01M0CWXPL/ref=sr_1_137?dchild=1&m=A3NV6HLDD76AC2&qid=1586624699&s=merchant-items&sr=1-137,11/04/20 17:05,4.5 out of 5 stars,"17,389 in Home & Kitchen ",#155 Storage Boxes,45  customer ratings,B01M0CWXPL,https://images-na.ssl-images-amazon.com/images/I/71ZVxpOKWaL._AC_SX466_.jpg
A3NV6HLDD76AC2,£16.99,Bond Hardware® Cordless Rechargeable Mini Rotary Dremel Style Drill Grinder Set Hobby Craft Model Making with 60 Accessories and Case,Bond Hardware,https://www.amazon.co.uk/Bond-Hardware%C2%AE-Cordless-Rechargeable-Accessories/dp/B01NCNU79G/ref=sr_1_133?dchild=1&m=A3NV6HLDD76AC2&qid=1586624699&s=merchant-items&sr=1-133,11/04/20 17:05,4.0 out of 5 stars,"23,096 in DIY & Tools ",#45 Rotary Tools,48  customer ratings,B01NCNU79G,https://images-na.ssl-images-amazon.com/images/I/81cIF8Pn0QL._AC_SX522_.jpg
A3NV6HLDD76AC2,£16.95,Unibos Traditional Wooden Bird Table Garden Birds Feeder Feeding Station Free Standing Strong and Durable Ideal for All Types of Birds,Unibos,https://www.amazon.co.uk/Unibos-Traditional-Feeding-Station-Standing/dp/B01N5FUM6H/ref=sr_1_132?dchild=1&m=A3NV6HLDD76AC2&qid=1586624699&s=merchant-items&sr=1-132,11/04/20 17:05,3.2 out of 5 stars,"14,649 in Garden & Outdoors ",#236 Bird Feeders (Garden & Outdoors),56  customer ratings,B01N5FUM6H,https://images-na.ssl-images-amazon.com/images/I/51pvJheYb6L._AC_SY450_.jpg
A3NV6HLDD76AC2,£15.99,NEW Replacement Spare Clear Cover for Walk In Greenhouse FITS MOST WALK IN GREENHOUSES,a2z,https://www.amazon.co.uk/Replacement-Spare-Clear-Greenhouse-GREENHOUSES/dp/B00VX6E0A6/ref=sr_1_131?dchild=1&m=A3NV6HLDD76AC2&qid=1586624699&s=merchant-items&sr=1-131,11/04/20 17:05,3.2 out of 5 stars,"15,892 in Garden & Outdoors ",#132 Greenhouses,23  customer ratings,B00VX6E0A6,https://images-na.ssl-images-amazon.com/images/I/51XAZjGSsTL._AC_SX466_.jpg
A3NV6HLDD76AC2,£16.99,"Taylor & Brown® 4 Pair Boot Storage Rack, Ideal For Walking Boots, Wellies, Riding Boots And Fashion Boots",Taylor & Brown,https://www.amazon.co.uk/Taylor-Storage-Walking-Wellies-Fashion/dp/B084HGDRMS/ref=sr_1_145?dchild=1&m=A3NV6HLDD76AC2&qid=1586624728&s=merchant-items&sr=1-145,11/04/20 17:06,4.2 out of 5 stars,"33,707 in Home & Kitchen ",#152 Shoe Racks,53  customer ratings,B084HGDRMS,https://images-na.ssl-images-amazon.com/images/I/71fCJGAobUL._AC_SX679_.jpg
A3NV6HLDD76AC2,£14.95,"Solalite® 2 Pack 36 LED Solar Torch Light Dancing Flickering Flame Effect Stake Light Waterproof Outdoor Garden Landscape Path Lamp, Black",Solalite,https://www.amazon.co.uk/Solalite%C2%AE-Dancing-Flickering-Waterproof-Landscape/dp/B07W94K3BL/ref=sr_1_160?dchild=1&m=A3NV6HLDD76AC2&qid=1586624728&s=merchant-items&sr=1-160,11/04/20 17:06,3.7 out of 5 stars,"1,682 in Lighting ",#56 Pathway Lighting,18  customer ratings,B07W94K3BL,https://images-na.ssl-images-amazon.com/images/I/71%2BLcZkNjmL._AC_SX425_.jpg
A3NV6HLDD76AC2,£7.95,Bond Hardware® White Blow Torch Welding Iron Soldering Lighter Flame Gun Burner + Gas Refills (Gas Torch),Bond Hardware,https://www.amazon.co.uk/Bond-Hardware%C2%AE-Welding-Soldering-Lighter/dp/B07YL8B18Q/ref=sr_1_159?dchild=1&m=A3NV6HLDD76AC2&qid=1586624728&s=merchant-items&sr=1-159,11/04/20 17:06,3.4 out of 5 stars,"58,670 in DIY & Tools ",#19610 Power & Hand Tools (DIY & Tools),3  customer ratings,B07YL8B18Q,https://images-na.ssl-images-amazon.com/images/I/61ZsAk2gfYL._AC_SX679_.jpg
A3NV6HLDD76AC2,£7.67,Taylor & Brown® Halogen Oven Frying Basket For 10 - 12 Litre Ovens,Taylor & Brown,https://www.amazon.co.uk/Taylor-Brown%C2%AE-Halogen-Frying-Basket/dp/B075JL83ZN/ref=sr_1_158?dchild=1&m=A3NV6HLDD76AC2&qid=1586624728&s=merchant-items&sr=1-158,11/04/20 17:06,4.7 out of 5 stars,"73,741 in Home & Kitchen ",#2 Convection Ovens,18  customer ratings,B075JL83ZN,https://images-na.ssl-images-amazon.com/images/I/71T1W3%2BfRTL._AC_SX466_.jpg
A3NV6HLDD76AC2,£39.95,Outdoortips 4 Basket Tree Cascade Include Basket,outdoortips,https://www.amazon.co.uk/Outdoortips-Basket-Tree-Cascade-Include/dp/B00OJYU62A/ref=sr_1_156?dchild=1&m=A3NV6HLDD76AC2&qid=1586624728&s=merchant-items&sr=1-156,11/04/20 17:06,4.3 out of 5 stars,"21,639 in Garden & Outdoors ",#250 Hanging Planters & Baskets,25  customer ratings,B00OJYU62A,https://images-na.ssl-images-amazon.com/images/I/61SPjBK3wKL._AC_SX679_.jpg
A3NV6HLDD76AC2,£8.99,Taylor & Brown® Relaxing Bath Pillow with Strong Suction Cups Spa Headrest Waterproof Cushion for Bathtub Bathroom (White),Taylor & Brown,https://www.amazon.co.uk/Taylor-Brown-Relaxing-Headrest-Waterproof/dp/B07DVLQTMV/ref=sr_1_155?dchild=1&m=A3NV6HLDD76AC2&qid=1586624728&s=merchant-items&sr=1-155,11/04/20 17:06,4.1 out of 5 stars,"44,744 in Home & Kitchen ",#149 Bathtub Accessories,17  customer ratings,B07DVLQTMV,https://images-na.ssl-images-amazon.com/images/I/71imW2FfLIL._AC_SY355_.jpg
A3NV6HLDD76AC2,£13.95,Taylor & Brown® Set of 12 Latte Glasses Tea Coffee Cappuccino Glass Cups Hot Drink Mugs - 240ml,Taylor & Brown,https://www.amazon.co.uk/Taylor-Brown%C2%AE-Glasses-Coffee-Cappuccino/dp/B00T9N032Y/ref=sr_1_154?dchild=1&m=A3NV6HLDD76AC2&qid=1586624728&s=merchant-items&sr=1-154,11/04/20 17:06,4.4 out of 5 stars,"42,723 in Home & Kitchen ",#7 Tea Cups #634 Glassware,27  customer ratings,B00T9N032Y,https://images-na.ssl-images-amazon.com/images/I/71h-95GFs2L._AC_SY355_.jpg
A3NV6HLDD76AC2,£18.99,SmashingDealsDirect Weed Puller Weeder Twister Push Twist & Pull Claw Garden Lawn Easy Root Remover Killer Grabber Long Handled Lightweight Tool,SmashingDealsDirect,https://www.amazon.co.uk/SmashingDealsDirect-Twister-Remover-Grabber-Lightweight/dp/B07PZ88BW4/ref=sr_1_153?dchild=1&m=A3NV6HLDD76AC2&qid=1586624728&s=merchant-items&sr=1-153,11/04/20 17:06,3.7 out of 5 stars,"19,804 in Garden & Outdoors ",#37 Manual Weeders,7  customer ratings,B07PZ88BW4,https://images-na.ssl-images-amazon.com/images/I/51X7Zq4tZqL._AC_SX569_.jpg
A3NV6HLDD76AC2,£14.99,FANCY POINT FancyPoint 100 Pack Kids Multi-Coloured Plastic Hangers,FANCY POINT,https://www.amazon.co.uk/FANCY-POINT-FancyPoint-Multi-Coloured-Plastic/dp/B07MTD8F7Y/ref=sr_1_152?dchild=1&m=A3NV6HLDD76AC2&qid=1586624728&s=merchant-items&sr=1-152,11/04/20 17:06,4.8 out of 5 stars,"71,936 in Home & Kitchen ",#92 Coat Hangers,13  customer ratings,B07MTD8F7Y,https://images-na.ssl-images-amazon.com/images/I/71oKUjIL2eL._AC_SY450_.jpg
A3NV6HLDD76AC2,£11.49,Taylor & Brown® 2 Tier Chrome Stackable & Extendable Shoe Rack Storage Organiser,https://www.amazon.co.uk/Taylor-Stackable-Extendable-Storage-Organiser/dp/B01H2T6GTK/ref=sr_1_151?dchild=1&m=A3NV6HLDD76AC2&qid=1586624728&s=merchant-items&sr=1-151,11/04/20 17:06,3.9 out of 5 stars,"38,176 in Home & Kitchen ",#177 Shoe Racks,81  customer ratings,B01H2T6GTK,https://images-na.ssl-images-amazon.com/images/I/61dbVMP9WZL._AC_SY450_.jpg,
A3NV6HLDD76AC2,£9.94,Taylor & Brown® Bamboo Wooden Bed Breakfast Tea Serving Lap Tray With Handles,https://www.amazon.co.uk/Taylor-Brown%C2%AE-Breakfast-Serving-Handles/dp/B076432HT2/ref=sr_1_150?dchild=1&m=A3NV6HLDD76AC2&qid=1586624728&s=merchant-items&sr=1-150,11/04/20 17:06,3.9 out of 5 stars,"99,165 in Home & Kitchen ",#208 Serving Platters,19  customer ratings,B076432HT2,https://images-na.ssl-images-amazon.com/images/I/71%2B7Cy7uSQL._AC_SX425_.jpg,
A3NV6HLDD76AC2,£28.99,4 x Black Solar Powered Led Outdoor Garden Post Deck Cap Square Fence Lights,Solalite,https://www.amazon.co.uk/Powered-Outdoor-Garden-Square-Lights/dp/B00DOVDZAE/ref=sr_1_149?dchild=1&m=A3NV6HLDD76AC2&qid=1586624728&s=merchant-items&sr=1-149,11/04/20 17:06,3.5 out of 5 stars,"4,786 in Lighting ",#16 Post Lights,147  customer ratings,B00DOVDZAE,https://images-na.ssl-images-amazon.com/images/I/71ympVHrNYL._AC_SX466_.jpg
A3NV6HLDD76AC2,£7.99,"Taylor & Brown® Hanging Garment Organiser, 6 Shelves Hanging Wardrobe Sweater Shoe Organiser Storage Unit Clothes Tidy 28 x 28 x 112cm, Hanging Drawers (Beige)",Taylor & Brown,https://www.amazon.co.uk/Taylor-Brown-Hanging-Organiser-Wardrobe/dp/B079T7S4JR/ref=sr_1_148?dchild=1&m=A3NV6HLDD76AC2&qid=1586624728&s=merchant-items&sr=1-148,11/04/20 17:06,3.8 out of 5 stars,"45,755 in Home & Kitchen ",#46 Hanging Shelves,24  customer ratings,B079T7S4JR,https://images-na.ssl-images-amazon.com/images/I/71qvcNF1CdL._AC_SX679_.jpg
A3NV6HLDD76AC2,£16.99,Parkland Traditional Wooden Bird Table Garden Birds Feeder Feeding Station Free Standing,Parkland,https://www.amazon.co.uk/Parkland-Traditional-Feeding-Station-Standing/dp/B01D4ZRCVC/ref=sr_1_147?dchild=1&m=A3NV6HLDD76AC2&qid=1586624728&s=merchant-items&sr=1-147,11/04/20 17:06,3.8 out of 5 stars,"31,159 in Garden & Outdoors ",#471 Bird Feeders (Garden & Outdoors),20  customer ratings,B01D4ZRCVC,https://images-na.ssl-images-amazon.com/images/I/71zqy1BM0JL._AC_SY450_.jpg
A3NV6HLDD76AC2,£16.99,Large Lighthouse Solar Powered Led Motion & Light Garden Decoration Ornament / Yard Garden Landscaping Landscape Home House Patio Backyard Design Gadgets Stuff Birthday Gift Botany Plant Gardening Vegetable Container Flower Planning Front Maintenance Contemporary Layout Planting Modern Shop Store,Unknown,https://www.amazon.co.uk/Lighthouse-Decoration-Landscaping-Maintenance-Contemporary/dp/B01G6GPJ3E/ref=sr_1_146?dchild=1&m=A3NV6HLDD76AC2&qid=1586624728&s=merchant-items&sr=1-146,11/04/20 17:06,3.7 out of 5 stars,"37,010 in Garden & Outdoors ",#538 Outdoor Statues,8  customer ratings,B01G6GPJ3E,https://images-na.ssl-images-amazon.com/images/I/51SGh0ouHKL._AC_SY355_.jpg
